row_id,oxygen_pct,pressure_kpa,flow_cm_s,flow_direction,material,material_detail,geometry,facility,outcome,outcome_detail,report_id,source_url,source_title,source_location,quote,notes,extra_sources
E001,20.5,101.3,0.0,quiescent,cellulose_thin,"Kimwipes laboratory wipe, 99% cellulose, single thickness 0.0076 cm","flat thin sheet, quiescent (no imposed flow)",NASA Lewis 2.2 s Drop Tower / 5.18 s Zero Gravity Facility,no_spread,flame extinguished (quenching) after 1.55 s of forward propagation,NTRS 19880006471,https://ntrs.nasa.gov/citations/19880006471,"Olson, S.L. (1987) The Effect of Microgravity on Flame Spread over a Thin Fuel. NASA TM-100195","Sec. 5.1.1, p.10-11",The extinguished flame at 20.5 percent oxygen ... it was observed to retreat slightly for 0.57 sec before the flame extinguished.,,
E002,21.0,101.3,0.0,quiescent,cellulose_thin,"Kimwipes laboratory wipe, 99% cellulose, single thickness 0.0076 cm","flat thin sheet, quiescent (no imposed flow)",NASA Lewis 2.2 s Drop Tower / 5.18 s Zero Gravity Facility,marginal_spread,"oscillatory near-limit spread, Vf=0.53 cm/s",NTRS 19880006471,https://ntrs.nasa.gov/citations/19880006471,"Olson, S.L. (1987) The Effect of Microgravity on Flame Spread over a Thin Fuel. NASA TM-100195","Table A-I, p.26 (footnote a)","21 percent O2: spread rate 0.53 cm/sec, footnote a 'Oscillatory behavior observed'; text: observed extinction limit of 21 percent oxygen at 1 atm",,
E003,21.0,101.3,0.0,quiescent,cellulose_thin,"Kimwipes laboratory wipe, 99% cellulose, single thickness 0.0076 cm","flat thin sheet, quiescent (no imposed flow)",NASA Lewis 2.2 s Drop Tower / 5.18 s Zero Gravity Facility,marginal_spread,"oscillatory near-limit spread, Vf=0.55 cm/s",NTRS 19880006471,https://ntrs.nasa.gov/citations/19880006471,"Olson, S.L. (1987) The Effect of Microgravity on Flame Spread over a Thin Fuel. NASA TM-100195","Table A-I, p.26 (footnote a)","21 percent O2: spread rate 0.55 cm/sec, footnote a 'Oscillatory behavior observed'; text: observed extinction limit of 21 percent oxygen at 1 atm",,
E004,21.0,101.3,0.0,quiescent,cellulose_thin,"Kimwipes laboratory wipe, 99% cellulose, single thickness 0.0076 cm","flat thin sheet, quiescent (no imposed flow)",NASA Lewis 2.2 s Drop Tower / 5.18 s Zero Gravity Facility,marginal_spread,"oscillatory near-limit spread, Vf=0.54 cm/s",NTRS 19880006471,https://ntrs.nasa.gov/citations/19880006471,"Olson, S.L. (1987) The Effect of Microgravity on Flame Spread over a Thin Fuel. NASA TM-100195","Table A-I, p.26 (footnote a)","21 percent O2: spread rate 0.54 cm/sec, footnote a 'Oscillatory behavior observed'; text: observed extinction limit of 21 percent oxygen at 1 atm",,
E005,23.0,101.3,0.0,quiescent,cellulose_thin,"Kimwipes laboratory wipe, 99% cellulose, single thickness 0.0076 cm","flat thin sheet, quiescent (no imposed flow)",NASA Lewis 2.2 s Drop Tower / 5.18 s Zero Gravity Facility,marginal_spread,"oscillatory near-limit spread, Vf=0.56 cm/s",NTRS 19880006471,https://ntrs.nasa.gov/citations/19880006471,"Olson, S.L. (1987) The Effect of Microgravity on Flame Spread over a Thin Fuel. NASA TM-100195","Table A-I, p.26 (footnote a)","23 percent O2: spread rate 0.56 cm/sec, footnote a 'Oscillatory behavior observed'",,
E006,25.0,101.3,0.0,quiescent,cellulose_thin,"Kimwipes laboratory wipe, 99% cellulose, single thickness 0.0076 cm","flat thin sheet, quiescent (no imposed flow)",NASA Lewis 2.2 s Drop Tower / 5.18 s Zero Gravity Facility,marginal_spread,"oscillatory near-limit spread, Vf=1.09 cm/s",NTRS 19880006471,https://ntrs.nasa.gov/citations/19880006471,"Olson, S.L. (1987) The Effect of Microgravity on Flame Spread over a Thin Fuel. NASA TM-100195","Table A-I, p.26 (footnote a)","25 percent O2: spread rate 1.09 cm/sec, footnote a 'Oscillatory behavior observed'",,
E007,27.5,101.3,0.0,quiescent,cellulose_thin,"Kimwipes laboratory wipe, 99% cellulose, single thickness 0.0076 cm","flat thin sheet, quiescent (no imposed flow)",NASA Lewis 2.2 s Drop Tower / 5.18 s Zero Gravity Facility,spread,"steady spread, Vf=1.26 cm/s",NTRS 19880006471,https://ntrs.nasa.gov/citations/19880006471,"Olson, S.L. (1987) The Effect of Microgravity on Flame Spread over a Thin Fuel. NASA TM-100195","Table A-I, p.26",27.5 percent O2: flame spread rate 1.26 cm/sec (no oscillation footnote),,
E008,30.0,101.3,0.0,quiescent,cellulose_thin,"Kimwipes laboratory wipe, 99% cellulose, single thickness 0.0076 cm","flat thin sheet, quiescent (no imposed flow)",NASA Lewis 2.2 s Drop Tower / 5.18 s Zero Gravity Facility,spread,"steady spread, Vf=1.74 cm/s",NTRS 19880006471,https://ntrs.nasa.gov/citations/19880006471,"Olson, S.L. (1987) The Effect of Microgravity on Flame Spread over a Thin Fuel. NASA TM-100195","Table A-I, p.26",30 percent O2: flame spread rate 1.74 cm/sec (no oscillation footnote),,
E009,30.0,101.3,0.0,quiescent,cellulose_thin,"Kimwipes laboratory wipe, 99% cellulose, single thickness 0.0076 cm","flat thin sheet, quiescent (no imposed flow)",NASA Lewis 2.2 s Drop Tower / 5.18 s Zero Gravity Facility,spread,"steady spread, Vf=1.81 cm/s",NTRS 19880006471,https://ntrs.nasa.gov/citations/19880006471,"Olson, S.L. (1987) The Effect of Microgravity on Flame Spread over a Thin Fuel. NASA TM-100195","Table A-I, p.26",30 percent O2: flame spread rate 1.81 cm/sec (no oscillation footnote),,
E010,30.0,101.3,0.0,quiescent,cellulose_thin,"Kimwipes laboratory wipe, 99% cellulose, single thickness 0.0076 cm","flat thin sheet, quiescent (no imposed flow)",NASA Lewis 2.2 s Drop Tower / 5.18 s Zero Gravity Facility,spread,"steady spread, Vf=1.86 cm/s",NTRS 19880006471,https://ntrs.nasa.gov/citations/19880006471,"Olson, S.L. (1987) The Effect of Microgravity on Flame Spread over a Thin Fuel. NASA TM-100195","Table A-I, p.26",30 percent O2: flame spread rate 1.86 cm/sec (no oscillation footnote),,
E011,30.0,101.3,0.0,quiescent,cellulose_thin,"Kimwipes laboratory wipe, 99% cellulose, single thickness 0.0076 cm","flat thin sheet, quiescent (no imposed flow)",NASA Lewis 2.2 s Drop Tower / 5.18 s Zero Gravity Facility,spread,"steady spread, Vf=1.72 cm/s",NTRS 19880006471,https://ntrs.nasa.gov/citations/19880006471,"Olson, S.L. (1987) The Effect of Microgravity on Flame Spread over a Thin Fuel. NASA TM-100195","Table A-I, p.26",30 percent O2: flame spread rate 1.72 cm/sec (no oscillation footnote),,
E012,30.0,101.3,0.0,quiescent,cellulose_thin,"Kimwipes laboratory wipe, 99% cellulose, single thickness 0.0076 cm","flat thin sheet, quiescent (no imposed flow)",NASA Lewis 2.2 s Drop Tower / 5.18 s Zero Gravity Facility,spread,"steady spread, Vf=1.88 cm/s",NTRS 19880006471,https://ntrs.nasa.gov/citations/19880006471,"Olson, S.L. (1987) The Effect of Microgravity on Flame Spread over a Thin Fuel. NASA TM-100195","Table A-I, p.26",30 percent O2: flame spread rate 1.88 cm/sec (no oscillation footnote),,
E013,30.0,101.3,0.0,quiescent,cellulose_thin,"Kimwipes laboratory wipe, 99% cellulose, single thickness 0.0076 cm","flat thin sheet, quiescent (no imposed flow)",NASA Lewis 2.2 s Drop Tower / 5.18 s Zero Gravity Facility,spread,"steady spread, Vf=1.84 cm/s",NTRS 19880006471,https://ntrs.nasa.gov/citations/19880006471,"Olson, S.L. (1987) The Effect of Microgravity on Flame Spread over a Thin Fuel. NASA TM-100195","Table A-I, p.26",30 percent O2: flame spread rate 1.84 cm/sec (no oscillation footnote),,
E014,35.0,101.3,0.0,quiescent,cellulose_thin,"Kimwipes laboratory wipe, 99% cellulose, single thickness 0.0076 cm","flat thin sheet, quiescent (no imposed flow)",NASA Lewis 2.2 s Drop Tower / 5.18 s Zero Gravity Facility,spread,"steady spread, Vf=2.17 cm/s",NTRS 19880006471,https://ntrs.nasa.gov/citations/19880006471,"Olson, S.L. (1987) The Effect of Microgravity on Flame Spread over a Thin Fuel. NASA TM-100195","Table A-I, p.26",35 percent O2: flame spread rate 2.17 cm/sec (no oscillation footnote),,
E015,40.0,101.3,0.0,quiescent,cellulose_thin,"Kimwipes laboratory wipe, 99% cellulose, single thickness 0.0076 cm","flat thin sheet, quiescent (no imposed flow)",NASA Lewis 2.2 s Drop Tower / 5.18 s Zero Gravity Facility,spread,"steady spread, Vf=2.63 cm/s",NTRS 19880006471,https://ntrs.nasa.gov/citations/19880006471,"Olson, S.L. (1987) The Effect of Microgravity on Flame Spread over a Thin Fuel. NASA TM-100195","Table A-I, p.26",40 percent O2: flame spread rate 2.63 cm/sec (no oscillation footnote),,
E016,40.0,101.3,0.0,quiescent,cellulose_thin,"Kimwipes laboratory wipe, 99% cellulose, single thickness 0.0076 cm","flat thin sheet, quiescent (no imposed flow)",NASA Lewis 2.2 s Drop Tower / 5.18 s Zero Gravity Facility,spread,"steady spread, Vf=2.67 cm/s",NTRS 19880006471,https://ntrs.nasa.gov/citations/19880006471,"Olson, S.L. (1987) The Effect of Microgravity on Flame Spread over a Thin Fuel. NASA TM-100195","Table A-I, p.26",40 percent O2: flame spread rate 2.67 cm/sec (no oscillation footnote),,
E017,40.0,101.3,0.0,quiescent,cellulose_thin,"Kimwipes laboratory wipe, 99% cellulose, single thickness 0.0076 cm","flat thin sheet, quiescent (no imposed flow)",NASA Lewis 2.2 s Drop Tower / 5.18 s Zero Gravity Facility,spread,"steady spread, Vf=2.85 cm/s",NTRS 19880006471,https://ntrs.nasa.gov/citations/19880006471,"Olson, S.L. (1987) The Effect of Microgravity on Flame Spread over a Thin Fuel. NASA TM-100195","Table A-I, p.26",40 percent O2: flame spread rate 2.85 cm/sec (no oscillation footnote),,
E018,40.0,101.3,0.0,quiescent,cellulose_thin,"Kimwipes laboratory wipe, 99% cellulose, single thickness 0.0076 cm","flat thin sheet, quiescent (no imposed flow)",NASA Lewis 2.2 s Drop Tower / 5.18 s Zero Gravity Facility,spread,"steady spread, Vf=2.63 cm/s",NTRS 19880006471,https://ntrs.nasa.gov/citations/19880006471,"Olson, S.L. (1987) The Effect of Microgravity on Flame Spread over a Thin Fuel. NASA TM-100195","Table A-I, p.26",40 percent O2: flame spread rate 2.63 cm/sec (no oscillation footnote),,
E019,40.0,101.3,0.0,quiescent,cellulose_thin,"Kimwipes laboratory wipe, 99% cellulose, single thickness 0.0076 cm","flat thin sheet, quiescent (no imposed flow)",NASA Lewis 2.2 s Drop Tower / 5.18 s Zero Gravity Facility,spread,"steady spread, Vf=2.86 cm/s",NTRS 19880006471,https://ntrs.nasa.gov/citations/19880006471,"Olson, S.L. (1987) The Effect of Microgravity on Flame Spread over a Thin Fuel. NASA TM-100195","Table A-I, p.26",40 percent O2: flame spread rate 2.86 cm/sec (no oscillation footnote),,
E020,40.0,101.3,0.0,quiescent,cellulose_thin,"Kimwipes laboratory wipe, 99% cellulose, single thickness 0.0076 cm","flat thin sheet, quiescent (no imposed flow)",NASA Lewis 2.2 s Drop Tower / 5.18 s Zero Gravity Facility,spread,"steady spread, Vf=2.72 cm/s",NTRS 19880006471,https://ntrs.nasa.gov/citations/19880006471,"Olson, S.L. (1987) The Effect of Microgravity on Flame Spread over a Thin Fuel. NASA TM-100195","Table A-I, p.26",40 percent O2: flame spread rate 2.72 cm/sec (no oscillation footnote),,
E021,50.0,101.3,0.0,quiescent,cellulose_thin,"Kimwipes laboratory wipe, 99% cellulose, single thickness 0.0076 cm","flat thin sheet, quiescent (no imposed flow)",NASA Lewis 2.2 s Drop Tower / 5.18 s Zero Gravity Facility,spread,"steady spread, Vf=3.78 cm/s",NTRS 19880006471,https://ntrs.nasa.gov/citations/19880006471,"Olson, S.L. (1987) The Effect of Microgravity on Flame Spread over a Thin Fuel. NASA TM-100195","Table A-I, p.26",50 percent O2: flame spread rate 3.78 cm/sec (no oscillation footnote),,
E022,50.0,101.3,0.0,quiescent,cellulose_thin,"Kimwipes laboratory wipe, 99% cellulose, single thickness 0.0076 cm","flat thin sheet, quiescent (no imposed flow)",NASA Lewis 2.2 s Drop Tower / 5.18 s Zero Gravity Facility,spread,"steady spread, Vf=3.89 cm/s",NTRS 19880006471,https://ntrs.nasa.gov/citations/19880006471,"Olson, S.L. (1987) The Effect of Microgravity on Flame Spread over a Thin Fuel. NASA TM-100195","Table A-I, p.26",50 percent O2: flame spread rate 3.89 cm/sec (no oscillation footnote),,
E023,60.0,101.3,0.0,quiescent,cellulose_thin,"Kimwipes laboratory wipe, 99% cellulose, single thickness 0.0076 cm","flat thin sheet, quiescent (no imposed flow)",NASA Lewis 2.2 s Drop Tower / 5.18 s Zero Gravity Facility,spread,"steady spread, Vf=4.94 cm/s",NTRS 19880006471,https://ntrs.nasa.gov/citations/19880006471,"Olson, S.L. (1987) The Effect of Microgravity on Flame Spread over a Thin Fuel. NASA TM-100195","Table A-I, p.26",60 percent O2: flame spread rate 4.94 cm/sec (no oscillation footnote),,
E024,60.0,101.3,0.0,quiescent,cellulose_thin,"Kimwipes laboratory wipe, 99% cellulose, single thickness 0.0076 cm","flat thin sheet, quiescent (no imposed flow)",NASA Lewis 2.2 s Drop Tower / 5.18 s Zero Gravity Facility,spread,"steady spread, Vf=4.55 cm/s",NTRS 19880006471,https://ntrs.nasa.gov/citations/19880006471,"Olson, S.L. (1987) The Effect of Microgravity on Flame Spread over a Thin Fuel. NASA TM-100195","Table A-I, p.26",60 percent O2: flame spread rate 4.55 cm/sec (no oscillation footnote),,
E025,80.0,101.3,0.0,quiescent,cellulose_thin,"Kimwipes laboratory wipe, 99% cellulose, single thickness 0.0076 cm","flat thin sheet, quiescent (no imposed flow)",NASA Lewis 2.2 s Drop Tower / 5.18 s Zero Gravity Facility,spread,"steady spread, Vf=6.11 cm/s",NTRS 19880006471,https://ntrs.nasa.gov/citations/19880006471,"Olson, S.L. (1987) The Effect of Microgravity on Flame Spread over a Thin Fuel. NASA TM-100195","Table A-I, p.26",80 percent O2: flame spread rate 6.11 cm/sec (no oscillation footnote),,
E026,80.0,101.3,0.0,quiescent,cellulose_thin,"Kimwipes laboratory wipe, 99% cellulose, single thickness 0.0076 cm","flat thin sheet, quiescent (no imposed flow)",NASA Lewis 2.2 s Drop Tower / 5.18 s Zero Gravity Facility,spread,"steady spread, Vf=6.13 cm/s",NTRS 19880006471,https://ntrs.nasa.gov/citations/19880006471,"Olson, S.L. (1987) The Effect of Microgravity on Flame Spread over a Thin Fuel. NASA TM-100195","Table A-I, p.26",80 percent O2: flame spread rate 6.13 cm/sec (no oscillation footnote),,
E027,100.0,101.3,0.0,quiescent,cellulose_thin,"Kimwipes laboratory wipe, 99% cellulose, single thickness 0.0076 cm","flat thin sheet, quiescent (no imposed flow)",NASA Lewis 2.2 s Drop Tower / 5.18 s Zero Gravity Facility,spread,"steady spread, Vf=7.09 cm/s",NTRS 19880006471,https://ntrs.nasa.gov/citations/19880006471,"Olson, S.L. (1987) The Effect of Microgravity on Flame Spread over a Thin Fuel. NASA TM-100195","Table A-I, p.26",100 percent O2: flame spread rate 7.09 cm/sec (no oscillation footnote),,
E028,100.0,101.3,0.0,quiescent,cellulose_thin,"Kimwipes laboratory wipe, 99% cellulose, single thickness 0.0076 cm","flat thin sheet, quiescent (no imposed flow)",NASA Lewis 2.2 s Drop Tower / 5.18 s Zero Gravity Facility,spread,"steady spread, Vf=6.74 cm/s",NTRS 19880006471,https://ntrs.nasa.gov/citations/19880006471,"Olson, S.L. (1987) The Effect of Microgravity on Flame Spread over a Thin Fuel. NASA TM-100195","Table A-I, p.26",100 percent O2: flame spread rate 6.74 cm/sec (no oscillation footnote),,
E029,25.0,101.3,0.0,quiescent,cellulose_double,"Kimwipes laboratory wipe, 99% cellulose, double thickness 0.0152 cm","flat thin sheet, quiescent (no imposed flow)",NASA Lewis 2.2 s Drop Tower / 5.18 s Zero Gravity Facility,no_spread,"flame quenched after oscillating (forward for 2.10 s, retreat 2.33 s)",NTRS 19880006471,https://ntrs.nasa.gov/citations/19880006471,"Olson, S.L. (1987) The Effect of Microgravity on Flame Spread over a Thin Fuel. NASA TM-100195","Sec. 5.1.3, p.13",The quenched flame at 25 percent oxygen also oscillated prior to extinction ... Extinction in microgravity was again caused by quenching.,,
E030,26.0,101.3,0.0,quiescent,cellulose_double,"Kimwipes laboratory wipe, 99% cellulose, double thickness 0.0152 cm","flat thin sheet, quiescent (no imposed flow)",NASA Lewis 2.2 s Drop Tower / 5.18 s Zero Gravity Facility,marginal_spread,"oscillatory near-limit spread, Vf=0.25 cm/s",NTRS 19880006471,https://ntrs.nasa.gov/citations/19880006471,"Olson, S.L. (1987) The Effect of Microgravity on Flame Spread over a Thin Fuel. NASA TM-100195","Table A-III, p.27 (footnote a)","26 percent O2: spread rate 0.25 cm/sec, footnote a 'Oscillatory behavior observed'; text: observed extinction limit of 26 percent oxygen at 1 atm",,
E031,27.0,101.3,0.0,quiescent,cellulose_double,"Kimwipes laboratory wipe, 99% cellulose, double thickness 0.0152 cm","flat thin sheet, quiescent (no imposed flow)",NASA Lewis 2.2 s Drop Tower / 5.18 s Zero Gravity Facility,marginal_spread,"oscillatory near-limit spread, Vf=0.4 cm/s",NTRS 19880006471,https://ntrs.nasa.gov/citations/19880006471,"Olson, S.L. (1987) The Effect of Microgravity on Flame Spread over a Thin Fuel. NASA TM-100195","Table A-III, p.27 (footnote a)","27 percent O2: spread rate 0.4 cm/sec, footnote a 'Oscillatory behavior observed'; text: observed extinction limit of 26 percent oxygen at 1 atm",,
E032,28.0,101.3,0.0,quiescent,cellulose_double,"Kimwipes laboratory wipe, 99% cellulose, double thickness 0.0152 cm","flat thin sheet, quiescent (no imposed flow)",NASA Lewis 2.2 s Drop Tower / 5.18 s Zero Gravity Facility,marginal_spread,"oscillatory near-limit spread, Vf=0.36 cm/s",NTRS 19880006471,https://ntrs.nasa.gov/citations/19880006471,"Olson, S.L. (1987) The Effect of Microgravity on Flame Spread over a Thin Fuel. NASA TM-100195","Table A-III, p.27 (footnote a)","28 percent O2: spread rate 0.36 cm/sec, footnote a 'Oscillatory behavior observed'; text: observed extinction limit of 26 percent oxygen at 1 atm",,
E033,30.0,101.3,0.0,quiescent,cellulose_double,"Kimwipes laboratory wipe, 99% cellulose, double thickness 0.0152 cm","flat thin sheet, quiescent (no imposed flow)",NASA Lewis 2.2 s Drop Tower / 5.18 s Zero Gravity Facility,spread,"steady spread, Vf=0.47 cm/s",NTRS 19880006471,https://ntrs.nasa.gov/citations/19880006471,"Olson, S.L. (1987) The Effect of Microgravity on Flame Spread over a Thin Fuel. NASA TM-100195","Table A-III, p.27",30 percent O2: flame spread rate 0.47 cm/sec (no oscillation footnote),,
E034,30.0,101.3,0.0,quiescent,cellulose_double,"Kimwipes laboratory wipe, 99% cellulose, double thickness 0.0152 cm","flat thin sheet, quiescent (no imposed flow)",NASA Lewis 2.2 s Drop Tower / 5.18 s Zero Gravity Facility,spread,"steady spread, Vf=0.63 cm/s",NTRS 19880006471,https://ntrs.nasa.gov/citations/19880006471,"Olson, S.L. (1987) The Effect of Microgravity on Flame Spread over a Thin Fuel. NASA TM-100195","Table A-III, p.27",30 percent O2: flame spread rate 0.63 cm/sec (no oscillation footnote),,
E035,30.0,101.3,0.0,quiescent,cellulose_double,"Kimwipes laboratory wipe, 99% cellulose, double thickness 0.0152 cm","flat thin sheet, quiescent (no imposed flow)",NASA Lewis 2.2 s Drop Tower / 5.18 s Zero Gravity Facility,spread,"steady spread, Vf=0.54 cm/s",NTRS 19880006471,https://ntrs.nasa.gov/citations/19880006471,"Olson, S.L. (1987) The Effect of Microgravity on Flame Spread over a Thin Fuel. NASA TM-100195","Table A-III, p.27",30 percent O2: flame spread rate 0.54 cm/sec (no oscillation footnote),,
E036,40.0,101.3,0.0,quiescent,cellulose_double,"Kimwipes laboratory wipe, 99% cellulose, double thickness 0.0152 cm","flat thin sheet, quiescent (no imposed flow)",NASA Lewis 2.2 s Drop Tower / 5.18 s Zero Gravity Facility,spread,"steady spread, Vf=1.42 cm/s",NTRS 19880006471,https://ntrs.nasa.gov/citations/19880006471,"Olson, S.L. (1987) The Effect of Microgravity on Flame Spread over a Thin Fuel. NASA TM-100195","Table A-III, p.27",40 percent O2: flame spread rate 1.42 cm/sec (no oscillation footnote),,
E037,40.0,101.3,0.0,quiescent,cellulose_double,"Kimwipes laboratory wipe, 99% cellulose, double thickness 0.0152 cm","flat thin sheet, quiescent (no imposed flow)",NASA Lewis 2.2 s Drop Tower / 5.18 s Zero Gravity Facility,spread,"steady spread, Vf=1.29 cm/s",NTRS 19880006471,https://ntrs.nasa.gov/citations/19880006471,"Olson, S.L. (1987) The Effect of Microgravity on Flame Spread over a Thin Fuel. NASA TM-100195","Table A-III, p.27",40 percent O2: flame spread rate 1.29 cm/sec (no oscillation footnote),,
E038,40.0,101.3,0.0,quiescent,cellulose_double,"Kimwipes laboratory wipe, 99% cellulose, double thickness 0.0152 cm","flat thin sheet, quiescent (no imposed flow)",NASA Lewis 2.2 s Drop Tower / 5.18 s Zero Gravity Facility,spread,"steady spread, Vf=1.55 cm/s",NTRS 19880006471,https://ntrs.nasa.gov/citations/19880006471,"Olson, S.L. (1987) The Effect of Microgravity on Flame Spread over a Thin Fuel. NASA TM-100195","Table A-III, p.27",40 percent O2: flame spread rate 1.55 cm/sec (no oscillation footnote),,
E039,50.0,101.3,0.0,quiescent,cellulose_double,"Kimwipes laboratory wipe, 99% cellulose, double thickness 0.0152 cm","flat thin sheet, quiescent (no imposed flow)",NASA Lewis 2.2 s Drop Tower / 5.18 s Zero Gravity Facility,spread,"steady spread, Vf=2.0 cm/s",NTRS 19880006471,https://ntrs.nasa.gov/citations/19880006471,"Olson, S.L. (1987) The Effect of Microgravity on Flame Spread over a Thin Fuel. NASA TM-100195","Table A-III, p.27",50 percent O2: flame spread rate 2.0 cm/sec (no oscillation footnote),,
E040,50.0,101.3,0.0,quiescent,cellulose_double,"Kimwipes laboratory wipe, 99% cellulose, double thickness 0.0152 cm","flat thin sheet, quiescent (no imposed flow)",NASA Lewis 2.2 s Drop Tower / 5.18 s Zero Gravity Facility,spread,"steady spread, Vf=2.19 cm/s",NTRS 19880006471,https://ntrs.nasa.gov/citations/19880006471,"Olson, S.L. (1987) The Effect of Microgravity on Flame Spread over a Thin Fuel. NASA TM-100195","Table A-III, p.27",50 percent O2: flame spread rate 2.19 cm/sec (no oscillation footnote),,
E041,60.0,101.3,0.0,quiescent,cellulose_double,"Kimwipes laboratory wipe, 99% cellulose, double thickness 0.0152 cm","flat thin sheet, quiescent (no imposed flow)",NASA Lewis 2.2 s Drop Tower / 5.18 s Zero Gravity Facility,spread,"steady spread, Vf=2.26 cm/s",NTRS 19880006471,https://ntrs.nasa.gov/citations/19880006471,"Olson, S.L. (1987) The Effect of Microgravity on Flame Spread over a Thin Fuel. NASA TM-100195","Table A-III, p.27",60 percent O2: flame spread rate 2.26 cm/sec (no oscillation footnote),,
E042,60.0,101.3,0.0,quiescent,cellulose_double,"Kimwipes laboratory wipe, 99% cellulose, double thickness 0.0152 cm","flat thin sheet, quiescent (no imposed flow)",NASA Lewis 2.2 s Drop Tower / 5.18 s Zero Gravity Facility,spread,"steady spread, Vf=3.42 cm/s",NTRS 19880006471,https://ntrs.nasa.gov/citations/19880006471,"Olson, S.L. (1987) The Effect of Microgravity on Flame Spread over a Thin Fuel. NASA TM-100195","Table A-III, p.27",60 percent O2: flame spread rate 3.42 cm/sec (no oscillation footnote),,
E043,80.0,101.3,0.0,quiescent,cellulose_double,"Kimwipes laboratory wipe, 99% cellulose, double thickness 0.0152 cm","flat thin sheet, quiescent (no imposed flow)",NASA Lewis 2.2 s Drop Tower / 5.18 s Zero Gravity Facility,spread,"steady spread, Vf=3.44 cm/s",NTRS 19880006471,https://ntrs.nasa.gov/citations/19880006471,"Olson, S.L. (1987) The Effect of Microgravity on Flame Spread over a Thin Fuel. NASA TM-100195","Table A-III, p.27",80 percent O2: flame spread rate 3.44 cm/sec (no oscillation footnote),,
E044,80.0,101.3,0.0,quiescent,cellulose_double,"Kimwipes laboratory wipe, 99% cellulose, double thickness 0.0152 cm","flat thin sheet, quiescent (no imposed flow)",NASA Lewis 2.2 s Drop Tower / 5.18 s Zero Gravity Facility,spread,"steady spread, Vf=3.55 cm/s",NTRS 19880006471,https://ntrs.nasa.gov/citations/19880006471,"Olson, S.L. (1987) The Effect of Microgravity on Flame Spread over a Thin Fuel. NASA TM-100195","Table A-III, p.27",80 percent O2: flame spread rate 3.55 cm/sec (no oscillation footnote),,
E045,100.0,101.3,0.0,quiescent,cellulose_double,"Kimwipes laboratory wipe, 99% cellulose, double thickness 0.0152 cm","flat thin sheet, quiescent (no imposed flow)",NASA Lewis 2.2 s Drop Tower / 5.18 s Zero Gravity Facility,spread,"steady spread, Vf=4.59 cm/s",NTRS 19880006471,https://ntrs.nasa.gov/citations/19880006471,"Olson, S.L. (1987) The Effect of Microgravity on Flame Spread over a Thin Fuel. NASA TM-100195","Table A-III, p.27",100 percent O2: flame spread rate 4.59 cm/sec (no oscillation footnote),,
E046,100.0,101.3,0.0,quiescent,cellulose_double,"Kimwipes laboratory wipe, 99% cellulose, double thickness 0.0152 cm","flat thin sheet, quiescent (no imposed flow)",NASA Lewis 2.2 s Drop Tower / 5.18 s Zero Gravity Facility,spread,"steady spread, Vf=2.72 cm/s",NTRS 19880006471,https://ntrs.nasa.gov/citations/19880006471,"Olson, S.L. (1987) The Effect of Microgravity on Flame Spread over a Thin Fuel. NASA TM-100195","Table A-III, p.27",100 percent O2: flame spread rate 2.72 cm/sec (no oscillation footnote),,
E047,21.0,101.3,6.06,opposed,cellulose_thin,"Kimwipes laboratory wipe, 99% cellulose, single thickness 0.0076 cm","flat thin sheet 3 cm wide, opposed flow (fuel moved through quiescent gas)",NASA Lewis 5.18 s Zero Gravity Facility,spread,"spread rate 0.87 cm/s, no extinction",NTRS 19890014267,https://ntrs.nasa.gov/citations/19890014267,"Olson, S.L.; Ferkul, P.V.; T'ien, J.S. (1989) An experimental study of opposed flow diffusion flame extinction over a thin fuel in microgravity. NASA TM-101479","Table I, p.6","Oxygen 21 mole %, fuel speed 6.06 cm/sec, spread rate 0.87, extinction observed: No",1 atm: 'filled to 1 atm pressure' (Appendix). Fuel is the Kimwipes fuel of Olson 1987 (ref. 4). flow_cm_s = fuel speed relative to the gas.,
E048,18.0,101.3,6.75,opposed,cellulose_thin,"Kimwipes laboratory wipe, 99% cellulose, single thickness 0.0076 cm","flat thin sheet 3 cm wide, opposed flow (fuel moved through quiescent gas)",NASA Lewis 5.18 s Zero Gravity Facility,spread,"spread rate .64 cm/s, no extinction",NTRS 19890014267,https://ntrs.nasa.gov/citations/19890014267,"Olson, S.L.; Ferkul, P.V.; T'ien, J.S. (1989) An experimental study of opposed flow diffusion flame extinction over a thin fuel in microgravity. NASA TM-101479","Table I, p.6","Oxygen 18 mole %, fuel speed 6.75 cm/sec, spread rate .64, extinction observed: No",1 atm: 'filled to 1 atm pressure' (Appendix). Fuel is the Kimwipes fuel of Olson 1987 (ref. 4). flow_cm_s = fuel speed relative to the gas.,
E049,18.0,101.3,3.92,opposed,cellulose_thin,"Kimwipes laboratory wipe, 99% cellulose, single thickness 0.0076 cm","flat thin sheet 3 cm wide, opposed flow (fuel moved through quiescent gas)",NASA Lewis 5.18 s Zero Gravity Facility,spread,"spread rate .40 cm/s, no extinction",NTRS 19890014267,https://ntrs.nasa.gov/citations/19890014267,"Olson, S.L.; Ferkul, P.V.; T'ien, J.S. (1989) An experimental study of opposed flow diffusion flame extinction over a thin fuel in microgravity. NASA TM-101479","Table I, p.6","Oxygen 18 mole %, fuel speed 3.92 cm/sec, spread rate .40, extinction observed: No",1 atm: 'filled to 1 atm pressure' (Appendix). Fuel is the Kimwipes fuel of Olson 1987 (ref. 4). flow_cm_s = fuel speed relative to the gas.,
E050,18.0,101.3,1.7,opposed,cellulose_thin,"Kimwipes laboratory wipe, 99% cellulose, single thickness 0.0076 cm","flat thin sheet 3 cm wide, opposed flow (fuel moved through quiescent gas)",NASA Lewis 5.18 s Zero Gravity Facility,spread,"spread rate .35 cm/s, no extinction",NTRS 19890014267,https://ntrs.nasa.gov/citations/19890014267,"Olson, S.L.; Ferkul, P.V.; T'ien, J.S. (1989) An experimental study of opposed flow diffusion flame extinction over a thin fuel in microgravity. NASA TM-101479","Table I, p.6","Oxygen 18 mole %, fuel speed 1.7 cm/sec, spread rate .35, extinction observed: No",1 atm: 'filled to 1 atm pressure' (Appendix). Fuel is the Kimwipes fuel of Olson 1987 (ref. 4). flow_cm_s = fuel speed relative to the gas.,
E051,17.0,101.3,6.36,opposed,cellulose_thin,"Kimwipes laboratory wipe, 99% cellulose, single thickness 0.0076 cm","flat thin sheet 3 cm wide, opposed flow (fuel moved through quiescent gas)",NASA Lewis 5.18 s Zero Gravity Facility,spread,"spread rate .36 cm/s, no extinction",NTRS 19890014267,https://ntrs.nasa.gov/citations/19890014267,"Olson, S.L.; Ferkul, P.V.; T'ien, J.S. (1989) An experimental study of opposed flow diffusion flame extinction over a thin fuel in microgravity. NASA TM-101479","Table I, p.6","Oxygen 17 mole %, fuel speed 6.36 cm/sec, spread rate .36, extinction observed: No",1 atm: 'filled to 1 atm pressure' (Appendix). Fuel is the Kimwipes fuel of Olson 1987 (ref. 4). flow_cm_s = fuel speed relative to the gas.,
E052,17.0,101.3,3.3,opposed,cellulose_thin,"Kimwipes laboratory wipe, 99% cellulose, single thickness 0.0076 cm","flat thin sheet 3 cm wide, opposed flow (fuel moved through quiescent gas)",NASA Lewis 5.18 s Zero Gravity Facility,spread,"spread rate .27 cm/s, no extinction",NTRS 19890014267,https://ntrs.nasa.gov/citations/19890014267,"Olson, S.L.; Ferkul, P.V.; T'ien, J.S. (1989) An experimental study of opposed flow diffusion flame extinction over a thin fuel in microgravity. NASA TM-101479","Table I, p.6","Oxygen 17 mole %, fuel speed 3.3 cm/sec, spread rate .27, extinction observed: No",1 atm: 'filled to 1 atm pressure' (Appendix). Fuel is the Kimwipes fuel of Olson 1987 (ref. 4). flow_cm_s = fuel speed relative to the gas.,
E053,17.0,101.3,1.31,opposed,cellulose_thin,"Kimwipes laboratory wipe, 99% cellulose, single thickness 0.0076 cm","flat thin sheet 3 cm wide, opposed flow (fuel moved through quiescent gas)",NASA Lewis 5.18 s Zero Gravity Facility,spread,"spread rate .21 cm/s, no extinction",NTRS 19890014267,https://ntrs.nasa.gov/citations/19890014267,"Olson, S.L.; Ferkul, P.V.; T'ien, J.S. (1989) An experimental study of opposed flow diffusion flame extinction over a thin fuel in microgravity. NASA TM-101479","Table I, p.6","Oxygen 17 mole %, fuel speed 1.31 cm/sec, spread rate .21, extinction observed: No",1 atm: 'filled to 1 atm pressure' (Appendix). Fuel is the Kimwipes fuel of Olson 1987 (ref. 4). flow_cm_s = fuel speed relative to the gas.,
E054,17.0,101.3,0.81,opposed,cellulose_thin,"Kimwipes laboratory wipe, 99% cellulose, single thickness 0.0076 cm","flat thin sheet 3 cm wide, opposed flow (fuel moved through quiescent gas)",NASA Lewis 5.18 s Zero Gravity Facility,no_spread,flame extinction observed within 5.18 s,NTRS 19890014267,https://ntrs.nasa.gov/citations/19890014267,"Olson, S.L.; Ferkul, P.V.; T'ien, J.S. (1989) An experimental study of opposed flow diffusion flame extinction over a thin fuel in microgravity. NASA TM-101479","Table I, p.6","Oxygen 17 mole %, fuel speed 0.81 cm/sec, spread rate ---, extinction observed: Yes",1 atm: 'filled to 1 atm pressure' (Appendix). Fuel is the Kimwipes fuel of Olson 1987 (ref. 4). flow_cm_s = fuel speed relative to the gas.,
E055,16.0,101.3,5.96,opposed,cellulose_thin,"Kimwipes laboratory wipe, 99% cellulose, single thickness 0.0076 cm","flat thin sheet 3 cm wide, opposed flow (fuel moved through quiescent gas)",NASA Lewis 5.18 s Zero Gravity Facility,spread,"spread rate .19 cm/s, no extinction",NTRS 19890014267,https://ntrs.nasa.gov/citations/19890014267,"Olson, S.L.; Ferkul, P.V.; T'ien, J.S. (1989) An experimental study of opposed flow diffusion flame extinction over a thin fuel in microgravity. NASA TM-101479","Table I, p.6","Oxygen 16 mole %, fuel speed 5.96 cm/sec, spread rate .19, extinction observed: No",1 atm: 'filled to 1 atm pressure' (Appendix). Fuel is the Kimwipes fuel of Olson 1987 (ref. 4). flow_cm_s = fuel speed relative to the gas.,
E056,15.0,101.3,5.66,opposed,cellulose_thin,"Kimwipes laboratory wipe, 99% cellulose, single thickness 0.0076 cm","flat thin sheet 3 cm wide, opposed flow (fuel moved through quiescent gas)",NASA Lewis 5.18 s Zero Gravity Facility,marginal_spread,flame survived but spread rate unmeasurably small,NTRS 19890014267,https://ntrs.nasa.gov/citations/19890014267,"Olson, S.L.; Ferkul, P.V.; T'ien, J.S. (1989) An experimental study of opposed flow diffusion flame extinction over a thin fuel in microgravity. NASA TM-101479","Table I, p.6","Oxygen 15 mole %, fuel speed 5.66 cm/sec, spread rate (d) unmeasurably small, extinction observed: No",1 atm: 'filled to 1 atm pressure' (Appendix). Fuel is the Kimwipes fuel of Olson 1987 (ref. 4). flow_cm_s = fuel speed relative to the gas.,
E057,15.0,101.3,4.29,opposed,cellulose_thin,"Kimwipes laboratory wipe, 99% cellulose, single thickness 0.0076 cm","flat thin sheet 3 cm wide, opposed flow (fuel moved through quiescent gas)",NASA Lewis 5.18 s Zero Gravity Facility,marginal_spread,flame survived but spread rate unmeasurably small,NTRS 19890014267,https://ntrs.nasa.gov/citations/19890014267,"Olson, S.L.; Ferkul, P.V.; T'ien, J.S. (1989) An experimental study of opposed flow diffusion flame extinction over a thin fuel in microgravity. NASA TM-101479","Table I, p.6","Oxygen 15 mole %, fuel speed 4.29 cm/sec, spread rate (d) unmeasurably small, extinction observed: No",1 atm: 'filled to 1 atm pressure' (Appendix). Fuel is the Kimwipes fuel of Olson 1987 (ref. 4). flow_cm_s = fuel speed relative to the gas.,
E058,14.0,101.3,6.08,opposed,cellulose_thin,"Kimwipes laboratory wipe, 99% cellulose, single thickness 0.0076 cm","flat thin sheet 3 cm wide, opposed flow (fuel moved through quiescent gas)",NASA Lewis 5.18 s Zero Gravity Facility,no_spread,flame extinction observed within 5.18 s,NTRS 19890014267,https://ntrs.nasa.gov/citations/19890014267,"Olson, S.L.; Ferkul, P.V.; T'ien, J.S. (1989) An experimental study of opposed flow diffusion flame extinction over a thin fuel in microgravity. NASA TM-101479","Table I, p.6","Oxygen 14 mole %, fuel speed 6.08 cm/sec, spread rate ---, extinction observed: Yes",1 atm: 'filled to 1 atm pressure' (Appendix). Fuel is the Kimwipes fuel of Olson 1987 (ref. 4). flow_cm_s = fuel speed relative to the gas.,
E059,14.0,101.3,4.19,opposed,cellulose_thin,"Kimwipes laboratory wipe, 99% cellulose, single thickness 0.0076 cm","flat thin sheet 3 cm wide, opposed flow (fuel moved through quiescent gas)",NASA Lewis 5.18 s Zero Gravity Facility,no_spread,flame extinction observed within 5.18 s,NTRS 19890014267,https://ntrs.nasa.gov/citations/19890014267,"Olson, S.L.; Ferkul, P.V.; T'ien, J.S. (1989) An experimental study of opposed flow diffusion flame extinction over a thin fuel in microgravity. NASA TM-101479","Table I, p.6","Oxygen 14 mole %, fuel speed 4.19 cm/sec, spread rate ---, extinction observed: Yes",1 atm: 'filled to 1 atm pressure' (Appendix). Fuel is the Kimwipes fuel of Olson 1987 (ref. 4). flow_cm_s = fuel speed relative to the gas.,
E060,18.7,101.3,10.0,concurrent,SIBAL_fabric,"SIBAL cotton-fiberglass blend fabric, 2.2 cm wide x 10 cm","flat fabric 2.2 cm wide, concurrent forced flow","ISS Microgravity Science Glovebox, BASS / BASS-II flow duct",spread,flame established and sustained at this flow,NTRS 20150008962,https://ntrs.nasa.gov/citations/20150008962,"Zhao, X.; T'ien, J.S.; Ferkul, P.V.; Olson, S.L. (2015) Concurrent Flame Growth, Spread and Extinction over Composite Fabric Samples in Low Speed Purely Forced Flow in Microgravity (BASS / BASS-II)","Appendix table, p.9","GMT45-T4: width 2.2 cm, flow 10->2.2 cm/s, O2 18.7% by vol., comment 'Quenched'",test GMT45-T4; starting flow of the test,
E061,18.7,101.3,2.2,concurrent,SIBAL_fabric,"SIBAL cotton-fiberglass blend fabric, 2.2 cm wide x 10 cm","flat fabric 2.2 cm wide, concurrent forced flow","ISS Microgravity Science Glovebox, BASS / BASS-II flow duct",no_spread,low-speed quenching extinction at this flow,NTRS 20150008962,https://ntrs.nasa.gov/citations/20150008962,"Zhao, X.; T'ien, J.S.; Ferkul, P.V.; Olson, S.L. (2015) Concurrent Flame Growth, Spread and Extinction over Composite Fabric Samples in Low Speed Purely Forced Flow in Microgravity (BASS / BASS-II)","Appendix table, p.9","GMT45-T4: width 2.2 cm, flow 10->2.2 cm/s, O2 18.7% by vol., comment 'Quenched'",test GMT45-T4; final (quench) flow after the crew reduced the fan,
E062,18.7,101.3,10.0,concurrent,SIBAL_fabric,"SIBAL cotton-fiberglass blend fabric, 2.2 cm wide x 10 cm","flat fabric 2.2 cm wide, concurrent forced flow","ISS Microgravity Science Glovebox, BASS / BASS-II flow duct",spread,flame established and sustained at this flow,NTRS 20150008962,https://ntrs.nasa.gov/citations/20150008962,"Zhao, X.; T'ien, J.S.; Ferkul, P.V.; Olson, S.L. (2015) Concurrent Flame Growth, Spread and Extinction over Composite Fabric Samples in Low Speed Purely Forced Flow in Microgravity (BASS / BASS-II)","Appendix table, p.9","GMT45-T15: width 2.2 cm, flow 10->29 cm/s, O2 18.7% by vol., comment 'No Blow-off'",test GMT45-T15; starting flow of the test,
E063,18.7,101.3,29.0,concurrent,SIBAL_fabric,"SIBAL cotton-fiberglass blend fabric, 2.2 cm wide x 10 cm","flat fabric 2.2 cm wide, concurrent forced flow","ISS Microgravity Science Glovebox, BASS / BASS-II flow duct",spread,flame still burning at the final flow (no blow-off),NTRS 20150008962,https://ntrs.nasa.gov/citations/20150008962,"Zhao, X.; T'ien, J.S.; Ferkul, P.V.; Olson, S.L. (2015) Concurrent Flame Growth, Spread and Extinction over Composite Fabric Samples in Low Speed Purely Forced Flow in Microgravity (BASS / BASS-II)","Appendix table, p.9","GMT45-T15: width 2.2 cm, flow 10->29 cm/s, O2 18.7% by vol., comment 'No Blow-off'",test GMT45-T15; final flow of the test,
E064,18.8,101.3,10.0,concurrent,SIBAL_fabric,"SIBAL cotton-fiberglass blend fabric, 2.2 cm wide x 10 cm","flat fabric 2.2 cm wide, concurrent forced flow","ISS Microgravity Science Glovebox, BASS / BASS-II flow duct",spread,flame established and sustained at this flow,NTRS 20150008962,https://ntrs.nasa.gov/citations/20150008962,"Zhao, X.; T'ien, J.S.; Ferkul, P.V.; Olson, S.L. (2015) Concurrent Flame Growth, Spread and Extinction over Composite Fabric Samples in Low Speed Purely Forced Flow in Microgravity (BASS / BASS-II)","Appendix table, p.9","GMT100-T5: width 2.2 cm, flow 10->2.4 cm/s, O2 18.8% by vol., comment ''",test GMT100-T5; starting flow of the test,
E065,18.8,101.3,2.4,concurrent,SIBAL_fabric,"SIBAL cotton-fiberglass blend fabric, 2.2 cm wide x 10 cm","flat fabric 2.2 cm wide, concurrent forced flow","ISS Microgravity Science Glovebox, BASS / BASS-II flow duct",spread,flame still burning at the final flow,NTRS 20150008962,https://ntrs.nasa.gov/citations/20150008962,"Zhao, X.; T'ien, J.S.; Ferkul, P.V.; Olson, S.L. (2015) Concurrent Flame Growth, Spread and Extinction over Composite Fabric Samples in Low Speed Purely Forced Flow in Microgravity (BASS / BASS-II)","Appendix table, p.9","GMT100-T5: width 2.2 cm, flow 10->2.4 cm/s, O2 18.8% by vol., comment ''",test GMT100-T5; final flow of the test,
E066,18.8,101.3,4.5,concurrent,SIBAL_fabric,"SIBAL cotton-fiberglass blend fabric, 2.2 cm wide x 10 cm","flat fabric 2.2 cm wide, concurrent forced flow","ISS Microgravity Science Glovebox, BASS / BASS-II flow duct",spread,flame established and sustained at this flow,NTRS 20150008962,https://ntrs.nasa.gov/citations/20150008962,"Zhao, X.; T'ien, J.S.; Ferkul, P.V.; Olson, S.L. (2015) Concurrent Flame Growth, Spread and Extinction over Composite Fabric Samples in Low Speed Purely Forced Flow in Microgravity (BASS / BASS-II)","Appendix table, p.9","GMT100-T6: width 2.2 cm, flow 4.5->2.6 cm/s, O2 18.8% by vol., comment ''",test GMT100-T6; starting flow of the test,
E067,18.8,101.3,2.6,concurrent,SIBAL_fabric,"SIBAL cotton-fiberglass blend fabric, 2.2 cm wide x 10 cm","flat fabric 2.2 cm wide, concurrent forced flow","ISS Microgravity Science Glovebox, BASS / BASS-II flow duct",spread,flame still burning at the final flow,NTRS 20150008962,https://ntrs.nasa.gov/citations/20150008962,"Zhao, X.; T'ien, J.S.; Ferkul, P.V.; Olson, S.L. (2015) Concurrent Flame Growth, Spread and Extinction over Composite Fabric Samples in Low Speed Purely Forced Flow in Microgravity (BASS / BASS-II)","Appendix table, p.9","GMT100-T6: width 2.2 cm, flow 4.5->2.6 cm/s, O2 18.8% by vol., comment ''",test GMT100-T6; final flow of the test,
E068,17.5,101.3,4.0,concurrent,SIBAL_fabric,"SIBAL cotton-fiberglass blend fabric, 2.2 cm wide x 10 cm","flat fabric 2.2 cm wide, concurrent forced flow","ISS Microgravity Science Glovebox, BASS / BASS-II flow duct",spread,flame established and sustained at this flow,NTRS 20150008962,https://ntrs.nasa.gov/citations/20150008962,"Zhao, X.; T'ien, J.S.; Ferkul, P.V.; Olson, S.L. (2015) Concurrent Flame Growth, Spread and Extinction over Composite Fabric Samples in Low Speed Purely Forced Flow in Microgravity (BASS / BASS-II)","Appendix table, p.9","GMT100-T13: width 2.2 cm, flow 4->2.2 cm/s, O2 17.5% by vol., comment 'Quenched'",test GMT100-T13; starting flow of the test,
E069,17.5,101.3,2.2,concurrent,SIBAL_fabric,"SIBAL cotton-fiberglass blend fabric, 2.2 cm wide x 10 cm","flat fabric 2.2 cm wide, concurrent forced flow","ISS Microgravity Science Glovebox, BASS / BASS-II flow duct",no_spread,low-speed quenching extinction at this flow,NTRS 20150008962,https://ntrs.nasa.gov/citations/20150008962,"Zhao, X.; T'ien, J.S.; Ferkul, P.V.; Olson, S.L. (2015) Concurrent Flame Growth, Spread and Extinction over Composite Fabric Samples in Low Speed Purely Forced Flow in Microgravity (BASS / BASS-II)","Appendix table, p.9","GMT100-T13: width 2.2 cm, flow 4->2.2 cm/s, O2 17.5% by vol., comment 'Quenched'",test GMT100-T13; final (quench) flow after the crew reduced the fan,
E070,17.6,101.3,4.0,concurrent,SIBAL_fabric,"SIBAL cotton-fiberglass blend fabric, 2.2 cm wide x 10 cm","flat fabric 2.2 cm wide, concurrent forced flow","ISS Microgravity Science Glovebox, BASS / BASS-II flow duct",spread,flame established and sustained at this flow,NTRS 20150008962,https://ntrs.nasa.gov/citations/20150008962,"Zhao, X.; T'ien, J.S.; Ferkul, P.V.; Olson, S.L. (2015) Concurrent Flame Growth, Spread and Extinction over Composite Fabric Samples in Low Speed Purely Forced Flow in Microgravity (BASS / BASS-II)","Appendix table, p.9","GMT100-T16: width 2.2 cm, flow 4->3 cm/s, O2 17.6% by vol., comment ''",test GMT100-T16; starting flow of the test,
E071,17.6,101.3,3.0,concurrent,SIBAL_fabric,"SIBAL cotton-fiberglass blend fabric, 2.2 cm wide x 10 cm","flat fabric 2.2 cm wide, concurrent forced flow","ISS Microgravity Science Glovebox, BASS / BASS-II flow duct",spread,flame still burning at the final flow,NTRS 20150008962,https://ntrs.nasa.gov/citations/20150008962,"Zhao, X.; T'ien, J.S.; Ferkul, P.V.; Olson, S.L. (2015) Concurrent Flame Growth, Spread and Extinction over Composite Fabric Samples in Low Speed Purely Forced Flow in Microgravity (BASS / BASS-II)","Appendix table, p.9","GMT100-T16: width 2.2 cm, flow 4->3 cm/s, O2 17.6% by vol., comment ''",test GMT100-T16; final flow of the test,
E072,16.4,101.3,10.0,concurrent,SIBAL_fabric,"SIBAL cotton-fiberglass blend fabric, 2.2 cm wide x 10 cm","flat fabric 2.2 cm wide, concurrent forced flow","ISS Microgravity Science Glovebox, BASS / BASS-II flow duct",no_spread,no ignition (hot-wire could not establish a flame),NTRS 20150008962,https://ntrs.nasa.gov/citations/20150008962,"Zhao, X.; T'ien, J.S.; Ferkul, P.V.; Olson, S.L. (2015) Concurrent Flame Growth, Spread and Extinction over Composite Fabric Samples in Low Speed Purely Forced Flow in Microgravity (BASS / BASS-II)","Appendix table, p.9","GMT175-T9: width 2.2 cm, flow 10 cm/s, O2 16.4% by vol., comment 'No ignition'",test GMT175-T9,
E073,16.4,101.3,5.0,concurrent,SIBAL_fabric,"SIBAL cotton-fiberglass blend fabric, 2.2 cm wide x 10 cm","flat fabric 2.2 cm wide, concurrent forced flow","ISS Microgravity Science Glovebox, BASS / BASS-II flow duct",no_spread,no ignition (hot-wire could not establish a flame),NTRS 20150008962,https://ntrs.nasa.gov/citations/20150008962,"Zhao, X.; T'ien, J.S.; Ferkul, P.V.; Olson, S.L. (2015) Concurrent Flame Growth, Spread and Extinction over Composite Fabric Samples in Low Speed Purely Forced Flow in Microgravity (BASS / BASS-II)","Appendix table, p.9","GMT175-T10: width 2.2 cm, flow 5 cm/s, O2 16.4% by vol., comment 'No ignition'",test GMT175-T10,
E074,17.4,101.3,5.0,concurrent,SIBAL_fabric,"SIBAL cotton-fiberglass blend fabric, 2.2 cm wide x 10 cm","flat fabric 2.2 cm wide, concurrent forced flow","ISS Microgravity Science Glovebox, BASS / BASS-II flow duct",spread,flame established and sustained at this flow,NTRS 20150008962,https://ntrs.nasa.gov/citations/20150008962,"Zhao, X.; T'ien, J.S.; Ferkul, P.V.; Olson, S.L. (2015) Concurrent Flame Growth, Spread and Extinction over Composite Fabric Samples in Low Speed Purely Forced Flow in Microgravity (BASS / BASS-II)","Appendix table, p.9","GMT175-T18: width 2.2 cm, flow 5->2.6 cm/s, O2 17.4% by vol., comment 'Quenched'",test GMT175-T18; starting flow of the test,
E075,17.4,101.3,2.6,concurrent,SIBAL_fabric,"SIBAL cotton-fiberglass blend fabric, 2.2 cm wide x 10 cm","flat fabric 2.2 cm wide, concurrent forced flow","ISS Microgravity Science Glovebox, BASS / BASS-II flow duct",no_spread,low-speed quenching extinction at this flow,NTRS 20150008962,https://ntrs.nasa.gov/citations/20150008962,"Zhao, X.; T'ien, J.S.; Ferkul, P.V.; Olson, S.L. (2015) Concurrent Flame Growth, Spread and Extinction over Composite Fabric Samples in Low Speed Purely Forced Flow in Microgravity (BASS / BASS-II)","Appendix table, p.9","GMT175-T18: width 2.2 cm, flow 5->2.6 cm/s, O2 17.4% by vol., comment 'Quenched'",test GMT175-T18; final (quench) flow after the crew reduced the fan,
E076,17.1,101.3,4.0,concurrent,SIBAL_fabric,"SIBAL cotton-fiberglass blend fabric, 2.2 cm wide x 10 cm","flat fabric 2.2 cm wide, concurrent forced flow","ISS Microgravity Science Glovebox, BASS / BASS-II flow duct",spread,flame established and sustained at this flow,NTRS 20150008962,https://ntrs.nasa.gov/citations/20150008962,"Zhao, X.; T'ien, J.S.; Ferkul, P.V.; Olson, S.L. (2015) Concurrent Flame Growth, Spread and Extinction over Composite Fabric Samples in Low Speed Purely Forced Flow in Microgravity (BASS / BASS-II)","Appendix table, p.9","GMT178-T11: width 2.2 cm, flow 4 cm/s, O2 17.1% by vol., comment ''",test GMT178-T11; starting flow of the test,
E077,16.8,101.3,5.0,concurrent,SIBAL_fabric,"SIBAL cotton-fiberglass blend fabric, 2.2 cm wide x 10 cm","flat fabric 2.2 cm wide, concurrent forced flow","ISS Microgravity Science Glovebox, BASS / BASS-II flow duct",no_spread,no ignition (hot-wire could not establish a flame),NTRS 20150008962,https://ntrs.nasa.gov/citations/20150008962,"Zhao, X.; T'ien, J.S.; Ferkul, P.V.; Olson, S.L. (2015) Concurrent Flame Growth, Spread and Extinction over Composite Fabric Samples in Low Speed Purely Forced Flow in Microgravity (BASS / BASS-II)","Appendix table, p.9","GMT178-T12: width 2.2 cm, flow 5 cm/s, O2 16.8% by vol., comment 'No ignition'",test GMT178-T12,
E078,16.9,101.3,4.0,concurrent,SIBAL_fabric,"SIBAL cotton-fiberglass blend fabric, 2.2 cm wide x 10 cm","flat fabric 2.2 cm wide, concurrent forced flow","ISS Microgravity Science Glovebox, BASS / BASS-II flow duct",spread,flame established and sustained at this flow,NTRS 20150008962,https://ntrs.nasa.gov/citations/20150008962,"Zhao, X.; T'ien, J.S.; Ferkul, P.V.; Olson, S.L. (2015) Concurrent Flame Growth, Spread and Extinction over Composite Fabric Samples in Low Speed Purely Forced Flow in Microgravity (BASS / BASS-II)","Appendix table, p.9","GMT178-T14: width 2.2 cm, flow 4->2.8 cm/s, O2 16.9% by vol., comment 'Quenched'",test GMT178-T14; starting flow of the test,
E079,16.9,101.3,2.8,concurrent,SIBAL_fabric,"SIBAL cotton-fiberglass blend fabric, 2.2 cm wide x 10 cm","flat fabric 2.2 cm wide, concurrent forced flow","ISS Microgravity Science Glovebox, BASS / BASS-II flow duct",no_spread,low-speed quenching extinction at this flow,NTRS 20150008962,https://ntrs.nasa.gov/citations/20150008962,"Zhao, X.; T'ien, J.S.; Ferkul, P.V.; Olson, S.L. (2015) Concurrent Flame Growth, Spread and Extinction over Composite Fabric Samples in Low Speed Purely Forced Flow in Microgravity (BASS / BASS-II)","Appendix table, p.9","GMT178-T14: width 2.2 cm, flow 4->2.8 cm/s, O2 16.9% by vol., comment 'Quenched'",test GMT178-T14; final (quench) flow after the crew reduced the fan,
E080,16.9,101.3,6.0,concurrent,SIBAL_fabric,"SIBAL cotton-fiberglass blend fabric, 2.2 cm wide x 10 cm","flat fabric 2.2 cm wide, concurrent forced flow","ISS Microgravity Science Glovebox, BASS / BASS-II flow duct",spread,flame established and sustained at this flow,NTRS 20150008962,https://ntrs.nasa.gov/citations/20150008962,"Zhao, X.; T'ien, J.S.; Ferkul, P.V.; Olson, S.L. (2015) Concurrent Flame Growth, Spread and Extinction over Composite Fabric Samples in Low Speed Purely Forced Flow in Microgravity (BASS / BASS-II)","Appendix table, p.9","GMT178-T17: width 2.2 cm, flow 6->53 cm/s, O2 16.9% by vol., comment 'No Blow-off'",test GMT178-T17; starting flow of the test,
E081,16.9,101.3,53.0,concurrent,SIBAL_fabric,"SIBAL cotton-fiberglass blend fabric, 2.2 cm wide x 10 cm","flat fabric 2.2 cm wide, concurrent forced flow","ISS Microgravity Science Glovebox, BASS / BASS-II flow duct",spread,flame still burning at the final flow (no blow-off),NTRS 20150008962,https://ntrs.nasa.gov/citations/20150008962,"Zhao, X.; T'ien, J.S.; Ferkul, P.V.; Olson, S.L. (2015) Concurrent Flame Growth, Spread and Extinction over Composite Fabric Samples in Low Speed Purely Forced Flow in Microgravity (BASS / BASS-II)","Appendix table, p.9","GMT178-T17: width 2.2 cm, flow 6->53 cm/s, O2 16.9% by vol., comment 'No Blow-off'",test GMT178-T17; final flow of the test,
E082,17.2,101.3,11.0,concurrent,SIBAL_fabric,"SIBAL cotton-fiberglass blend fabric, 1.2 cm wide x 10 cm","flat fabric 1.2 cm wide, concurrent forced flow","ISS Microgravity Science Glovebox, BASS / BASS-II flow duct",spread,flame established and sustained at this flow,NTRS 20150008962,https://ntrs.nasa.gov/citations/20150008962,"Zhao, X.; T'ien, J.S.; Ferkul, P.V.; Olson, S.L. (2015) Concurrent Flame Growth, Spread and Extinction over Composite Fabric Samples in Low Speed Purely Forced Flow in Microgravity (BASS / BASS-II)","Appendix table, p.9","GMT190-T19: width 1.2 cm, flow 11 cm/s, O2 17.2% by vol., comment ''",test GMT190-T19; starting flow of the test,
E083,17.2,101.3,11.0,concurrent,SIBAL_fabric,"SIBAL cotton-fiberglass blend fabric, 1.2 cm wide x 10 cm","flat fabric 1.2 cm wide, concurrent forced flow","ISS Microgravity Science Glovebox, BASS / BASS-II flow duct",spread,flame established and sustained at this flow,NTRS 20150008962,https://ntrs.nasa.gov/citations/20150008962,"Zhao, X.; T'ien, J.S.; Ferkul, P.V.; Olson, S.L. (2015) Concurrent Flame Growth, Spread and Extinction over Composite Fabric Samples in Low Speed Purely Forced Flow in Microgravity (BASS / BASS-II)","Appendix table, p.9","GMT190-T20: width 1.2 cm, flow 11->3 cm/s, O2 17.2% by vol., comment 'Quenched'",test GMT190-T20; starting flow of the test,
E084,17.2,101.3,3.0,concurrent,SIBAL_fabric,"SIBAL cotton-fiberglass blend fabric, 1.2 cm wide x 10 cm","flat fabric 1.2 cm wide, concurrent forced flow","ISS Microgravity Science Glovebox, BASS / BASS-II flow duct",no_spread,low-speed quenching extinction at this flow,NTRS 20150008962,https://ntrs.nasa.gov/citations/20150008962,"Zhao, X.; T'ien, J.S.; Ferkul, P.V.; Olson, S.L. (2015) Concurrent Flame Growth, Spread and Extinction over Composite Fabric Samples in Low Speed Purely Forced Flow in Microgravity (BASS / BASS-II)","Appendix table, p.9","GMT190-T20: width 1.2 cm, flow 11->3 cm/s, O2 17.2% by vol., comment 'Quenched'",test GMT190-T20; final (quench) flow after the crew reduced the fan,
E085,17.2,101.3,11.0,concurrent,SIBAL_fabric,"SIBAL cotton-fiberglass blend fabric, 1.2 cm wide x 10 cm","flat fabric 1.2 cm wide, concurrent forced flow","ISS Microgravity Science Glovebox, BASS / BASS-II flow duct",spread,flame established and sustained at this flow,NTRS 20150008962,https://ntrs.nasa.gov/citations/20150008962,"Zhao, X.; T'ien, J.S.; Ferkul, P.V.; Olson, S.L. (2015) Concurrent Flame Growth, Spread and Extinction over Composite Fabric Samples in Low Speed Purely Forced Flow in Microgravity (BASS / BASS-II)","Appendix table, p.9","GMT190-T21: width 1.2 cm, flow 11->47 cm/s, O2 17.2% by vol., comment 'Blow-off'",test GMT190-T21; starting flow of the test,
E086,17.2,101.3,47.0,concurrent,SIBAL_fabric,"SIBAL cotton-fiberglass blend fabric, 1.2 cm wide x 10 cm","flat fabric 1.2 cm wide, concurrent forced flow","ISS Microgravity Science Glovebox, BASS / BASS-II flow duct",no_spread,blow-off extinction at this flow,NTRS 20150008962,https://ntrs.nasa.gov/citations/20150008962,"Zhao, X.; T'ien, J.S.; Ferkul, P.V.; Olson, S.L. (2015) Concurrent Flame Growth, Spread and Extinction over Composite Fabric Samples in Low Speed Purely Forced Flow in Microgravity (BASS / BASS-II)","Appendix table, p.9","GMT190-T21: width 1.2 cm, flow 11->47 cm/s, O2 17.2% by vol., comment 'Blow-off'",test GMT190-T21; final flow at blow-off,
E087,17.1,101.3,10.5,concurrent,SIBAL_fabric,"SIBAL cotton-fiberglass blend fabric, 1.2 cm wide x 10 cm","flat fabric 1.2 cm wide, concurrent forced flow","ISS Microgravity Science Glovebox, BASS / BASS-II flow duct",spread,flame established and sustained at this flow,NTRS 20150008962,https://ntrs.nasa.gov/citations/20150008962,"Zhao, X.; T'ien, J.S.; Ferkul, P.V.; Olson, S.L. (2015) Concurrent Flame Growth, Spread and Extinction over Composite Fabric Samples in Low Speed Purely Forced Flow in Microgravity (BASS / BASS-II)","Appendix table, p.9","GMT190-T22: width 1.2 cm, flow 10.5->5 cm/s, O2 17.1% by vol., comment 'Quenched'",test GMT190-T22; starting flow of the test,
E088,17.1,101.3,5.0,concurrent,SIBAL_fabric,"SIBAL cotton-fiberglass blend fabric, 1.2 cm wide x 10 cm","flat fabric 1.2 cm wide, concurrent forced flow","ISS Microgravity Science Glovebox, BASS / BASS-II flow duct",no_spread,low-speed quenching extinction at this flow,NTRS 20150008962,https://ntrs.nasa.gov/citations/20150008962,"Zhao, X.; T'ien, J.S.; Ferkul, P.V.; Olson, S.L. (2015) Concurrent Flame Growth, Spread and Extinction over Composite Fabric Samples in Low Speed Purely Forced Flow in Microgravity (BASS / BASS-II)","Appendix table, p.9","GMT190-T22: width 1.2 cm, flow 10.5->5 cm/s, O2 17.1% by vol., comment 'Quenched'",test GMT190-T22; final (quench) flow after the crew reduced the fan,
E089,21.0,101.3,5.0,concurrent,SIBAL_fabric,"SIBAL cotton-fiberglass blend fabric, 2.2 cm wide x 10 cm","flat fabric 2.2 cm wide, concurrent forced flow","ISS Microgravity Science Glovebox, BASS / BASS-II flow duct",spread,flame established and sustained at this flow,NTRS 20150008962,https://ntrs.nasa.gov/citations/20150008962,"Zhao, X.; T'ien, J.S.; Ferkul, P.V.; Olson, S.L. (2015) Concurrent Flame Growth, Spread and Extinction over Composite Fabric Samples in Low Speed Purely Forced Flow in Microgravity (BASS / BASS-II)","Appendix table, p.9","GMT96-T8: width 2.2 cm, flow 5 cm/s, O2 21.0% by vol., comment 'BASS'","test GMT96-T8; starting flow of the test (BASS series, fixed flow)",
E090,21.0,101.3,10.0,concurrent,SIBAL_fabric,"SIBAL cotton-fiberglass blend fabric, 2.2 cm wide x 10 cm","flat fabric 2.2 cm wide, concurrent forced flow","ISS Microgravity Science Glovebox, BASS / BASS-II flow duct",spread,flame established and sustained at this flow,NTRS 20150008962,https://ntrs.nasa.gov/citations/20150008962,"Zhao, X.; T'ien, J.S.; Ferkul, P.V.; Olson, S.L. (2015) Concurrent Flame Growth, Spread and Extinction over Composite Fabric Samples in Low Speed Purely Forced Flow in Microgravity (BASS / BASS-II)","Appendix table, p.9","GMT96-T7: width 2.2 cm, flow 10 cm/s, O2 21.0% by vol., comment 'BASS'","test GMT96-T7; starting flow of the test (BASS series, fixed flow)",
E091,21.0,101.3,11.0,concurrent,SIBAL_fabric,"SIBAL cotton-fiberglass blend fabric, 1.2 cm wide x 10 cm","flat fabric 1.2 cm wide, concurrent forced flow","ISS Microgravity Science Glovebox, BASS / BASS-II flow duct",spread,flame established and sustained at this flow,NTRS 20150008962,https://ntrs.nasa.gov/citations/20150008962,"Zhao, X.; T'ien, J.S.; Ferkul, P.V.; Olson, S.L. (2015) Concurrent Flame Growth, Spread and Extinction over Composite Fabric Samples in Low Speed Purely Forced Flow in Microgravity (BASS / BASS-II)","Appendix table, p.9","GMT131-T10: width 1.2 cm, flow 11 cm/s, O2 21.0% by vol., comment 'BASS'","test GMT131-T10; starting flow of the test (BASS series, fixed flow)",
E092,21.0,101.3,19.0,concurrent,SIBAL_fabric,"SIBAL cotton-fiberglass blend fabric, 1.2 cm wide x 10 cm","flat fabric 1.2 cm wide, concurrent forced flow","ISS Microgravity Science Glovebox, BASS / BASS-II flow duct",spread,flame established and sustained at this flow,NTRS 20150008962,https://ntrs.nasa.gov/citations/20150008962,"Zhao, X.; T'ien, J.S.; Ferkul, P.V.; Olson, S.L. (2015) Concurrent Flame Growth, Spread and Extinction over Composite Fabric Samples in Low Speed Purely Forced Flow in Microgravity (BASS / BASS-II)","Appendix table, p.9","GMT222-T11: width 1.2 cm, flow 19 cm/s, O2 21.0% by vol., comment 'BASS'","test GMT222-T11; starting flow of the test (BASS series, fixed flow)",
E093,23.0,101.4,30.0,concurrent,Nomex_HT90-40,"Nomex HT90-40 fabric, 12 mil, fire-retarded aramid","flat fabric sample 5 x 10 cm, concurrent flow","NASA GRC 5.2 s Zero Gravity Research Facility, microgravity flow tunnel",spread,0g ULOI: burned for the full test,NTRS 20080034883,https://ntrs.nasa.gov/citations/20080034883,"Olson, S.L.; Hegde, U.; Bhattacharjee, S.; Deering, J.L.; Tang, L.; Altenkirch, R.A. (2008) Microgravity Flame Spread in Exploration Atmospheres: Pressure, Oxygen, and Velocity Effects on Opposed and Concurrent Flame Spread. NASA/TM-2008-215260","Table 1, p.3 (0g ULOI column)","Nomex HT90-40 fabric: 0g ULOI (burns) 23% O2, 14.7 psia, 30 cm/s",pressure converted from 14.7 psia,
E094,22.0,101.4,30.0,concurrent,Nomex_HT90-40,"Nomex HT90-40 fabric, 12 mil, fire-retarded aramid","flat fabric sample 5 x 10 cm, concurrent flow","NASA GRC 5.2 s Zero Gravity Research Facility, microgravity flow tunnel",no_spread,0g MOC: flame extinguished,NTRS 20080034883,https://ntrs.nasa.gov/citations/20080034883,"Olson, S.L.; Hegde, U.; Bhattacharjee, S.; Deering, J.L.; Tang, L.; Altenkirch, R.A. (2008) Microgravity Flame Spread in Exploration Atmospheres: Pressure, Oxygen, and Velocity Effects on Opposed and Concurrent Flame Spread. NASA/TM-2008-215260","Table 1, p.3 (0g MOC column)","Nomex HT90-40 fabric: 0g MOC (extinguishes) 22% O2, 14.7 psia, 30 cm/s",pressure converted from 14.7 psia,
E095,24.0,70.3,30.0,concurrent,Ultem_1000,"Ultem 1000 polyetherimide film, 10 mil","flat film sample 5 x 10 cm, concurrent flow","NASA GRC 5.2 s Zero Gravity Research Facility, microgravity flow tunnel",spread,0g ULOI: burned for the full test,NTRS 20080034883,https://ntrs.nasa.gov/citations/20080034883,"Olson, S.L.; Hegde, U.; Bhattacharjee, S.; Deering, J.L.; Tang, L.; Altenkirch, R.A. (2008) Microgravity Flame Spread in Exploration Atmospheres: Pressure, Oxygen, and Velocity Effects on Opposed and Concurrent Flame Spread. NASA/TM-2008-215260","Table 1, p.3 (0g ULOI column)","Ultem 1000 polyetherimide film: 0g ULOI (burns) 24% O2, 10.2 psia, 30 cm/s",pressure converted from 10.2 psia,
E096,23.0,70.3,30.0,concurrent,Ultem_1000,"Ultem 1000 polyetherimide film, 10 mil","flat film sample 5 x 10 cm, concurrent flow","NASA GRC 5.2 s Zero Gravity Research Facility, microgravity flow tunnel",no_spread,0g MOC: flame extinguished,NTRS 20080034883,https://ntrs.nasa.gov/citations/20080034883,"Olson, S.L.; Hegde, U.; Bhattacharjee, S.; Deering, J.L.; Tang, L.; Altenkirch, R.A. (2008) Microgravity Flame Spread in Exploration Atmospheres: Pressure, Oxygen, and Velocity Effects on Opposed and Concurrent Flame Spread. NASA/TM-2008-215260","Table 1, p.3 (0g MOC column)","Ultem 1000 polyetherimide film: 0g MOC (extinguishes) 23% O2, 10.2 psia, 30 cm/s",pressure converted from 10.2 psia,
E097,17.0,70.3,30.0,concurrent,Mylar_G,"Mylar G PET film, 5 mil","flat film sample 5 x 10 cm, concurrent flow","NASA GRC 5.2 s Zero Gravity Research Facility, microgravity flow tunnel",spread,0g ULOI: burned for the full test,NTRS 20080034883,https://ntrs.nasa.gov/citations/20080034883,"Olson, S.L.; Hegde, U.; Bhattacharjee, S.; Deering, J.L.; Tang, L.; Altenkirch, R.A. (2008) Microgravity Flame Spread in Exploration Atmospheres: Pressure, Oxygen, and Velocity Effects on Opposed and Concurrent Flame Spread. NASA/TM-2008-215260","Table 1, p.3 (0g ULOI column)","Mylar G PET film: 0g ULOI (burns) 17% O2, 10.2 psia, 30 cm/s",pressure converted from 10.2 psia,
E098,16.0,70.3,30.0,concurrent,Mylar_G,"Mylar G PET film, 5 mil","flat film sample 5 x 10 cm, concurrent flow","NASA GRC 5.2 s Zero Gravity Research Facility, microgravity flow tunnel",no_spread,0g MOC: flame extinguished,NTRS 20080034883,https://ntrs.nasa.gov/citations/20080034883,"Olson, S.L.; Hegde, U.; Bhattacharjee, S.; Deering, J.L.; Tang, L.; Altenkirch, R.A. (2008) Microgravity Flame Spread in Exploration Atmospheres: Pressure, Oxygen, and Velocity Effects on Opposed and Concurrent Flame Spread. NASA/TM-2008-215260","Table 1, p.3 (0g MOC column)","Mylar G PET film: 0g MOC (extinguishes) 16% O2, 10.2 psia, 30 cm/s",pressure converted from 10.2 psia,
E099,21.0,100.0,20.0,concurrent,SIBAL_fabric,"SIBAL fabric (75% cotton / 25% fiberglass), 0.37 mm","large flat fabric sample, concurrent flow",Saffire flow unit inside an uncrewed Cygnus spacecraft (low Earth orbit),spread,steady spread with a limiting flame size,NTRS 20210011521,https://ntrs.nasa.gov/citations/20210011521,"Urban, D.L. et al. (2021) Fire Safety Implications of Preliminary Results from Saffire IV and V Experiments on Large Scale Spacecraft Fires. ICES-2021-266","Table 2, p.8","Saffire I-1: air flow 20 cm/s, O2 21%, pressure 100 kPa, SIBAL; text: 'the Cotton and SIBAL fuel samples established a steady ... spread rate and flame size'",,
E100,21.0,100.0,20.0,concurrent,SIBAL_fabric,"SIBAL fabric (75% cotton / 25% fiberglass), 0.37 mm","large flat fabric sample, concurrent flow",Saffire flow unit inside an uncrewed Cygnus spacecraft (low Earth orbit),spread,steady spread with a limiting flame size,NTRS 20210011521,https://ntrs.nasa.gov/citations/20210011521,"Urban, D.L. et al. (2021) Fire Safety Implications of Preliminary Results from Saffire IV and V Experiments on Large Scale Spacecraft Fires. ICES-2021-266","Table 2, p.8","Saffire II-5: air flow 20 cm/s, O2 21%, pressure 100 kPa, SIBAL; text: 'the Cotton and SIBAL fuel samples established a steady ... spread rate and flame size'",,
E101,21.0,100.0,25.0,concurrent,SIBAL_fabric,"SIBAL fabric (75% cotton / 25% fiberglass), 0.37 mm","large flat fabric sample, concurrent flow",Saffire flow unit inside an uncrewed Cygnus spacecraft (low Earth orbit),spread,steady spread with a limiting flame size,NTRS 20210011521,https://ntrs.nasa.gov/citations/20210011521,"Urban, D.L. et al. (2021) Fire Safety Implications of Preliminary Results from Saffire IV and V Experiments on Large Scale Spacecraft Fires. ICES-2021-266","Table 2, p.8","Saffire II-6: air flow 25 cm/s, O2 21%, pressure 100 kPa, SIBAL; text: 'the Cotton and SIBAL fuel samples established a steady ... spread rate and flame size'",,
E102,21.0,100.0,25.0,concurrent,SIBAL_fabric,"SIBAL fabric (75% cotton / 25% fiberglass), 0.37 mm","large flat fabric sample, concurrent flow",Saffire flow unit inside an uncrewed Cygnus spacecraft (low Earth orbit),spread,steady spread with a limiting flame size,NTRS 20210011521,https://ntrs.nasa.gov/citations/20210011521,"Urban, D.L. et al. (2021) Fire Safety Implications of Preliminary Results from Saffire IV and V Experiments on Large Scale Spacecraft Fires. ICES-2021-266","Table 2, p.8","Saffire III-1: air flow 25 cm/s, O2 21%, pressure 100 kPa, SIBAL; text: 'the Cotton and SIBAL fuel samples established a steady ... spread rate and flame size'",,
E103,22.0,100.0,20.0,concurrent,SIBAL_fabric,"SIBAL fabric (75% cotton / 25% fiberglass), 0.37 mm","large flat fabric sample, concurrent flow",Saffire flow unit inside an uncrewed Cygnus spacecraft (low Earth orbit),spread,steady spread with a limiting flame size,NTRS 20210011521,https://ntrs.nasa.gov/citations/20210011521,"Urban, D.L. et al. (2021) Fire Safety Implications of Preliminary Results from Saffire IV and V Experiments on Large Scale Spacecraft Fires. ICES-2021-266","Table 2, p.8","Saffire IV-1: air flow 20 cm/s, O2 22%, pressure 100 kPa, SIBAL; text: 'the Cotton and SIBAL fuel samples established a steady ... spread rate and flame size'",,
E104,26.2,70.7,20.0,concurrent,cotton_jersey,"cotton jersey fabric, 18.1 mg/cm2","large flat fabric sample 41 x 50 cm, concurrent flow",Saffire flow unit inside an uncrewed Cygnus spacecraft (low Earth orbit),spread,steady spread with a limiting flame size,NTRS 20210011521,https://ntrs.nasa.gov/citations/20210011521,"Urban, D.L. et al. (2021) Fire Safety Implications of Preliminary Results from Saffire IV and V Experiments on Large Scale Spacecraft Fires. ICES-2021-266","Table 2, p.8","Saffire V-2: air flow 20 cm/s, O2 26.2%, pressure 70.7 kPa, Cotton jersey",,
E105,22.0,100.0,20.0,concurrent,PMMA_thick,"cast PMMA slab, 2-sided, 10 mm thick","thick slab 40 x 18 cm, concurrent flow",Saffire flow unit inside an uncrewed Cygnus spacecraft (low Earth orbit),marginal_spread,"flame anchored at leading edge; advanced by surface regression only, limiting flame length",NTRS 20210011521,https://ntrs.nasa.gov/citations/20210011521,"Urban, D.L. et al. (2021) Fire Safety Implications of Preliminary Results from Saffire IV and V Experiments on Large Scale Spacecraft Fires. ICES-2021-266",Table 1 p.3; Sec. D p.8,"IV-2: 2-sided PMMA, 20 cm/s concurrent, 100.0 kPa, 22.0% O2; 'Both concurrent samples (IV-2 and V-3) did not spread appreciably and instead remained fixed at the leading edge'",,
E106,25.4,71.3,20.0,concurrent,PMMA_thick,"cast PMMA slab, 1-sided, 5 mm thick","thick slab 40 x 18 cm, concurrent flow",Saffire flow unit inside an uncrewed Cygnus spacecraft (low Earth orbit),marginal_spread,"flame anchored at leading edge; advanced by surface regression only, limiting flame length",NTRS 20210011521,https://ntrs.nasa.gov/citations/20210011521,"Urban, D.L. et al. (2021) Fire Safety Implications of Preliminary Results from Saffire IV and V Experiments on Large Scale Spacecraft Fires. ICES-2021-266",Table 1 p.3; Sec. D p.8,"V-3: 1-sided PMMA, 20 cm/s concurrent, 71.3 kPa, 25.4% O2; 'did not spread appreciably and instead remained fixed at the leading edge'",,
E107,25.7,72.6,20.0,opposed,PMMA_thick,"structured cast PMMA, 10 mm base with ribs","thick ribbed slab 20 cm long, opposed flow",Saffire flow unit inside an uncrewed Cygnus spacecraft (low Earth orbit),spread,flames propagated along rib edges (up to 0.88 mm/s reported in companion paper),NTRS 20210011521,https://ntrs.nasa.gov/citations/20210011521,"Urban, D.L. et al. (2021) Fire Safety Implications of Preliminary Results from Saffire IV and V Experiments on Large Scale Spacecraft Fires. ICES-2021-266","Table 1, p.3","V-4: Structured PMMA, 20 cm/s, Opposed, 72.6 kPa, 25.7% O2",Companion abstract NTRS 20210017785 reports 761 hPa / 26.9 vol% for this test and forward propagation along rib edges up to 0.88 mm/s; the Table 1 values of 20210011521 are used here.,https://ntrs.nasa.gov/citations/20210017785
E108,31.0,54.1,20.0,concurrent,SIBAL_fabric,SIBAL fabric (75% cotton / 25% fiberglass),"large flat fabric sample 40 x 50 cm, concurrent flow",Saffire flow unit inside an uncrewed Cygnus spacecraft (low Earth orbit),spread,"linear flame spread, 4.05 mm/s (NTRS 20260001992 Table 1)",NTRS 20240002981,https://ntrs.nasa.gov/citations/20240002981,"Urban, D.L. et al. (2024) Preliminary Results from the Saffire VI Experiment","Table 1, p.3","VI-2: SIBAL cloth, 20 cm/s concurrent, 54.1 kPa, 31.0% O2",,https://ntrs.nasa.gov/citations/20260001992
E109,30.3,54.6,20.0,concurrent,PMMA_thick,"cast PMMA slab, 2-sided, 10 mm thick","thick slab 40 x 18 cm, concurrent flow",Saffire flow unit inside an uncrewed Cygnus spacecraft (low Earth orbit),marginal_spread,"flame anchored at leading edge, grew to a limiting length (~90 mm)",NTRS 20240002981,https://ntrs.nasa.gov/citations/20240002981,"Urban, D.L. et al. (2024) Preliminary Results from the Saffire VI Experiment","Table 1, p.3","VI-3: 2-sided PMMA, 20 cm/s concurrent, 54.6 kPa, 30.3% O2; NTRS 20260001992: 'the flames did not spread but remained anchored at the leading edge'",,https://ntrs.nasa.gov/citations/20260001992
E110,28.8,55.2,20.0,concurrent,PMMA_thick,"cast PMMA slab, 1-sided, 5 mm thick","thick slab 40 x 18 cm, concurrent flow",Saffire flow unit inside an uncrewed Cygnus spacecraft (low Earth orbit),marginal_spread,"flame anchored at leading edge, grew to a limiting length (~90 mm)",NTRS 20240002981,https://ntrs.nasa.gov/citations/20240002981,"Urban, D.L. et al. (2024) Preliminary Results from the Saffire VI Experiment","Table 1, p.3","VI-4: 1-sided PMMA, 20 cm/s concurrent, 55.2 kPa, 28.8% O2; NTRS 20260001992: 'the flames did not spread but remained anchored at the leading edge'",,https://ntrs.nasa.gov/citations/20260001992
E111,22.1,100.0,20.0,concurrent,silicone,silicone sheet 0.27 mm,"5 x 29 cm sheet, concurrent flow",Saffire flow unit inside an uncrewed Cygnus spacecraft (low Earth orbit),no_spread,"ignition attempted (80 W, 9.2 s); insignificant burn, ~0 burn length",NTRS 20170008805,https://ntrs.nasa.gov/citations/20170008805,"Urban, D.L. et al. (2017) Results of Large-Scale Spacecraft Flammability Tests (Saffire-I/II)","Table I, p.28-29","Sample 2-1: Silicone 0.27 mm, 20 cm/s concurrent, O2 ~22.1%; burn duration 'Insignificant', micro-g burn length ~0",O2 given as '~22.1' (derived from CO production). Pressure 100 kPa for flight II from NTRS 20210011521 Table 2.,https://ntrs.nasa.gov/citations/20210011521
E112,22.1,100.0,20.0,concurrent,silicone,silicone sheet 0.61 mm,"5 x 29 cm sheet, concurrent flow",Saffire flow unit inside an uncrewed Cygnus spacecraft (low Earth orbit),no_spread,"ignition attempted (80 W, 9.2 s); insignificant burn, ~0 burn length",NTRS 20170008805,https://ntrs.nasa.gov/citations/20170008805,"Urban, D.L. et al. (2017) Results of Large-Scale Spacecraft Flammability Tests (Saffire-I/II)","Table I, p.28-29","Sample 2-2: Silicone 0.61 mm, 20 cm/s concurrent, O2 ~22.1%; burn duration 'Insignificant', micro-g burn length ~0",O2 given as '~22.1' (derived from CO production). Pressure 100 kPa for flight II from NTRS 20210011521 Table 2.,https://ntrs.nasa.gov/citations/20210011521
E113,22.1,100.0,20.0,concurrent,silicone,silicone sheet 1.03 mm,"5 x 29 cm sheet, concurrent flow",Saffire flow unit inside an uncrewed Cygnus spacecraft (low Earth orbit),no_spread,"ignition attempted (80 W, 9.2 s); insignificant burn, ~0 burn length",NTRS 20170008805,https://ntrs.nasa.gov/citations/20170008805,"Urban, D.L. et al. (2017) Results of Large-Scale Spacecraft Flammability Tests (Saffire-I/II)","Table I, p.28-29","Sample 2-3: Silicone 1.03 mm, 20 cm/s concurrent, O2 ~22.1%; burn duration 'Insignificant', micro-g burn length ~0",O2 given as '~22.1' (derived from CO production). Pressure 100 kPa for flight II from NTRS 20210011521 Table 2.,https://ntrs.nasa.gov/citations/20210011521
E114,22.1,100.0,20.0,opposed,silicone,silicone sheet 0.37 mm,"5 x 29 cm sheet, opposed flow",Saffire flow unit inside an uncrewed Cygnus spacecraft (low Earth orbit),no_spread,"ignition attempted (80 W, 9.2 s); insignificant burn, ~0 burn length",NTRS 20170008805,https://ntrs.nasa.gov/citations/20170008805,"Urban, D.L. et al. (2017) Results of Large-Scale Spacecraft Flammability Tests (Saffire-I/II)","Table I, p.28-29","Sample 2-4: Silicone 0.37 mm, 20 cm/s opposed, O2 ~22.1%; burn duration 'Insignificant', micro-g burn length ~0",O2 given as '~22.1' (derived from CO production). Pressure 100 kPa for flight II from NTRS 20210011521 Table 2.,https://ntrs.nasa.gov/citations/20210011521
E115,22.1,100.0,20.0,concurrent,Nomex_HT90-40,Nomex fabric 0.37 mm (downstream of PMMA on sample 2-7),"5 x 24 cm fabric, concurrent flow",Saffire flow unit inside an uncrewed Cygnus spacecraft (low Earth orbit),no_spread,Nomex not ignited although the upstream PMMA burned completely,NTRS 20170008805,https://ntrs.nasa.gov/citations/20170008805,"Urban, D.L. et al. (2017) Results of Large-Scale Spacecraft Flammability Tests (Saffire-I/II)","Table I, p.28-29 (note ii)","Sample 2-7 PMMA & Nomex, 20 cm/s concurrent, ~22.1% O2; 'The PMMA portion was completely consumed but the Nomex was not ignited.'",Nomex grade given only as 'Nomex' in this table; grouped with Nomex HT90-40 fabric. Pressure from NTRS 20210011521 Table 2.,https://ntrs.nasa.gov/citations/20210011521
E116,22.05,100.0,20.0,concurrent,PMMA_thick,"cast PMMA, 5 cm wide, grooved (see paper Fig. 5)","5 x 29 cm thick sample, concurrent flow",Saffire flow unit inside an uncrewed Cygnus spacecraft (low Earth orbit),marginal_spread,flames remained anchored at the base; very slow regression (0.01-0.04 mm/s),NTRS 20170008805,https://ntrs.nasa.gov/citations/20170008805,"Urban, D.L. et al. (2017) Results of Large-Scale Spacecraft Flammability Tests (Saffire-I/II)","Table I, p.28-29 (note iv)","Sample 2-8: PMMA, 20 cm/s concurrent, O2 22.1 to 22.0%; 'The flames remain anchored at the base of the sample which has a very slow regression rate'",oxygen_pct is the midpoint of the reported '22.1 to 22.0' range. Pressure from NTRS 20210011521 Table 2.,https://ntrs.nasa.gov/citations/20210011521
E117,21.95,100.0,20.0,concurrent,PMMA_thick,"cast PMMA, 5 cm wide, 1 cm thick","5 x 29 cm thick sample, concurrent flow",Saffire flow unit inside an uncrewed Cygnus spacecraft (low Earth orbit),marginal_spread,flames remained anchored at the base; very slow regression (0.01-0.04 mm/s),NTRS 20170008805,https://ntrs.nasa.gov/citations/20170008805,"Urban, D.L. et al. (2017) Results of Large-Scale Spacecraft Flammability Tests (Saffire-I/II)","Table I, p.28-29 (note iv)","Sample 2-9: PMMA, 20 cm/s concurrent, O2 22.0 to 21.9%; 'The flames remain anchored at the base of the sample which has a very slow regression rate'",oxygen_pct is the midpoint of the reported '22.0 to 21.9' range. Pressure from NTRS 20210011521 Table 2.,https://ntrs.nasa.gov/citations/20210011521
E118,50.0,101.3,0.0,quiescent,filter_paper,"ashless filter paper, 0.00825 cm half-thickness, 3 x 10 cm","flat thin sheet, quiescent","Space Shuttle middeck, SSCE sealed chamber (quiescent)",spread,flame spread measured (spread rate increases with O2 and pressure),NTRS 20050177200,https://ntrs.nasa.gov/citations/20050177200,NASA Lewis (1996) Solid Surface Combustion Experiment Completes a Series of Eight Successful Flights,abstract,"first five flights: ashless filter paper in a 50-percent or 35-percent mixture of oxygen in nitrogen at pressures of 1.0, 1.5, and 2.0 atm",50% O2 at 1.0 atm: STS-41/40/43 were the pressure series (NTRS 19960008387 p.1); USML-1 paper (NTRS 19950007798) states flame spread rate increased with O2 and pressure across the five thin-fuel flights.,https://ntrs.nasa.gov/citations/19960008387; https://ntrs.nasa.gov/citations/19950007798
E119,50.0,151.9,0.0,quiescent,filter_paper,"ashless filter paper, 0.00825 cm half-thickness, 3 x 10 cm","flat thin sheet, quiescent","Space Shuttle middeck, SSCE sealed chamber (quiescent)",spread,flame spread measured (spread rate increases with O2 and pressure),NTRS 20050177200,https://ntrs.nasa.gov/citations/20050177200,NASA Lewis (1996) Solid Surface Combustion Experiment Completes a Series of Eight Successful Flights,abstract,"first five flights: ashless filter paper in a 50-percent or 35-percent mixture of oxygen in nitrogen at pressures of 1.0, 1.5, and 2.0 atm",50% O2 at 1.5 atm: STS-41/40/43 were the pressure series (NTRS 19960008387 p.1); USML-1 paper (NTRS 19950007798) states flame spread rate increased with O2 and pressure across the five thin-fuel flights.,https://ntrs.nasa.gov/citations/19960008387; https://ntrs.nasa.gov/citations/19950007798
E120,50.0,202.6,0.0,quiescent,filter_paper,"ashless filter paper, 0.00825 cm half-thickness, 3 x 10 cm","flat thin sheet, quiescent","Space Shuttle middeck, SSCE sealed chamber (quiescent)",spread,flame spread measured (spread rate increases with O2 and pressure),NTRS 20050177200,https://ntrs.nasa.gov/citations/20050177200,NASA Lewis (1996) Solid Surface Combustion Experiment Completes a Series of Eight Successful Flights,abstract,"first five flights: ashless filter paper in a 50-percent or 35-percent mixture of oxygen in nitrogen at pressures of 1.0, 1.5, and 2.0 atm",50% O2 at 2.0 atm: STS-41/40/43 were the pressure series (NTRS 19960008387 p.1); USML-1 paper (NTRS 19950007798) states flame spread rate increased with O2 and pressure across the five thin-fuel flights.,https://ntrs.nasa.gov/citations/19960008387; https://ntrs.nasa.gov/citations/19950007798
E121,35.0,101.3,0.0,quiescent,filter_paper,thin cellulosic fuel (ashless filter paper),"flat thin sheet, quiescent","Space Shuttle middeck, SSCE sealed chamber (quiescent)",spread,flame spread observed (STS-50 / USML-1),NTRS 19950007798,https://ntrs.nasa.gov/citations/19950007798,The Solid Surface Combustion Experiment Aboard the USML-1 Mission (1994),abstract,flame spread over a thin cellulosic fuel in a quiescent oxidizer of 35% oxygen/65% nitrogen at 1.0 atm. pressure in microgravity,,
E122,70.0,101.3,0.0,quiescent,PMMA_thick,cast PMMA 25.4 x 6.35 x 3.18 mm,"thick sample, quiescent","Space Shuttle middeck, SSCE sealed chamber (quiescent)",marginal_spread,flame spread with gradually decreasing rate; no steady spread (reflight reports ultimate fate is extinction),NTRS 19970020608,https://ntrs.nasa.gov/citations/19970020608,"Altenkirch, R.A. et al. (1997) Solid Surface Combustion Experiment: Thick Fuel Results","p.381-382, Fig. 2","STS-54: quiescent 70% O2/1.0 atm; 'they resume a trajectory of gradually decreasing slope, i.e., a decreasing spread rate'","NTRS 19990053971 abstract: 'for thick, flat fuels, the ultimate fate of the flame is extinction rather than steady spread.'",https://ntrs.nasa.gov/citations/19990053971
E123,50.0,101.3,0.0,quiescent,PMMA_thick,cast PMMA 25.4 x 6.35 x 3.18 mm,"thick sample, quiescent","Space Shuttle middeck, SSCE sealed chamber (quiescent)",marginal_spread,flame spread with gradually decreasing rate; no steady spread (reflight reports ultimate fate is extinction),NTRS 19970020608,https://ntrs.nasa.gov/citations/19970020608,"Altenkirch, R.A. et al. (1997) Solid Surface Combustion Experiment: Thick Fuel Results","p.381-382, Fig. 2","STS-63: quiescent 50% O2/1.0 atm; 'they resume a trajectory of gradually decreasing slope, i.e., a decreasing spread rate'","NTRS 19990053971 abstract: 'for thick, flat fuels, the ultimate fate of the flame is extinction rather than steady spread.'",https://ntrs.nasa.gov/citations/19990053971
E124,50.0,202.6,0.0,quiescent,PMMA_thick,cast PMMA 25.4 x 6.35 x 3.18 mm,"thick sample, quiescent","Space Shuttle middeck, SSCE sealed chamber (quiescent)",marginal_spread,flame spread with gradually decreasing rate; no steady spread (reflight reports ultimate fate is extinction),NTRS 19970020608,https://ntrs.nasa.gov/citations/19970020608,"Altenkirch, R.A. et al. (1997) Solid Surface Combustion Experiment: Thick Fuel Results","p.381-382, Fig. 2","STS-64: quiescent 50% O2/2.0 atm; 'they resume a trajectory of gradually decreasing slope, i.e., a decreasing spread rate'","NTRS 19990053971 abstract: 'for thick, flat fuels, the ultimate fate of the flame is extinction rather than steady spread.'",https://ntrs.nasa.gov/citations/19990053971
