Flame Type,Day,Fuel,Test,Xf  before test,Xf  after test,approx p (bar),XO2,HC burnrate (mg/s),O2 flow rate (mg/s),TFP,Tad (K),Zst,Hot ignition,burn time (sec),Self -ext or flow term,Peak burner Temp (C),Peak burner temp (K),Color,Comments
Inverse,1,ethane,21196 A1,0.298100,0.298100,1.10,0.21,1.5,5.59,No,2120,0.1665,No,0,-,27.1,300.25,-,Failed to ignite
Inverse,1,ethane,21196 A2,0.298100,0.295425,1.10,0.21,1.5,5.59,No,2120,0.1665,Yes,35,FT,162.9,436.05,yellow,
Inverse,1,ethane,21196 F1,0.295424848,0.291765297,1.1033,0.15,1.5,5.58675424,No,1786.994366,0.126728327,Yes,36,FT,118.5,391.65,blue,Not spherical shape
Inverse,1,ethane,21196 H1,0.291765297,0.291765297,1.1033,0.12,1.5,5.58675424,No,1567.030825,0.105556515,No,0,-,26.7,299.85,-,Not ignited
Inverse,1,ethane,21196 J1,0.291765297,0.291653541,1.1033,0.135,1.5,5.58675424,No,1680.718299,0.116987922,flash,1,SE,27.8,300.95,-,Not lasted long
Inverse,1,ethane,21196 F2,0.291653541,0.288335586,1.1033,0.15,0.75,2.79337712,No,1785.119116,0.128126732,Yes,66,FT,169.2,442.35,blue,
Inverse,1,ethane,21196 F3,0.288335586,0.288310452,1.1033,0.15,0.375,1.39668856,No,1783.432003,0.129383451,flash,1,SE,39.9,313.05,-,A flash and gone
Inverse,1,ethane,21196 F4,0.288310452,0.288272755,1.1033,0.15,0.5625,2.09503284,No,1783.419087,0.129393068,flash,1,SE,66.1,339.25,-,Not lasted long
Inverse,1,ethane,21196 F5,0.288272755,0.28810939,1.1033,0.15,2.439,9.084062394,No,1783.399711,0.129407493,flash,1,SE,28.4,301.55,-,Not lasted long
Inverse,1,ethane,21196 F6,0.28810939,0.284828889,1.1033,0.15,0.75,2.79337712,No,1783.315686,0.129470046,Yes,66,FT,167.3,440.45,blue,Repeat of F2
Inverse,1,ethane,21196 K1,0.284828889,0.284718228,0.4953817,0.15,0.75,2.79337712,No,1781.609691,0.130739408,flash,1,SE,63.5,336.65,-,Not lasted long
Inverse,1,ethane,21196 L1,0.284718228,0.284635929,0.4953817,0.21,0.75,2.79337712,No,2111.04677,0.172800669,flash,1,SE,122.9,396.05,-,Not lasted long
Inverse,1,ethane,21196 L2,0.284635929,0.279534884,0.4953817,0.21,0.75,2.79337712,No,2110.98997,0.17284115,Yes,63,FT,273.7,546.85,blue,
Inverse,1,ethane,21196 M1,0.279534884,0.279474794,0.4953817,0.3,0.75,2.79337712,No,2401.004197,0.230837563,flash,1,SE,136.4,409.55,-,Not lasted long
Inverse,1,ethane,21196 M2,0.279474794,0.275557001,0.4953817,0.3,0.75,2.79337712,No,2400.958103,0.230874969,Yes,66,FT,515.2,788.35,blue,
Inverse,1,ethane,21196 M2_1,0.275557001,0.268135774,0.4953817,0.3,1.5,5.58675424,No,2397.909121,0.233340944,Yes,64,FT,515.3,788.45,blue,
Inverse,2,ethane,21202 A1,0.06,0.06,2.2066,0.85,0.25,0.931125707,No,2077.502017,0.783870758,no,0,-,26.5,299.65,-,No ignition
Inverse,2,ethane,21202 A2,0.06,0.059996273,2.2066,0.85,0.5,1.862251413,No,2077.502017,0.783870758,Yes,2,SE,62.3,335.45,blue,"Ignited, but lasted short."
Inverse,2,ethane,21202 A3,0.059996273,0.059983229,2.2066,0.85,1,3.724502827,No,2077.445204,0.783881235,Yes,3.5,SE,50.6,323.75,blue,
Inverse,2,ethane,21202 A4,0.059983229,0.059937793,2.2066,0.85,2.439,9.084062394,No,2077.246332,0.783917907,Yes,5,SE,44.6,317.75,blue,
Inverse,2,ethane,21202 H1,0.12,0.119858746,2.2066,0.85,1.0,3.724502827,No,2566.535755,0.645563961,Yes,28,SE,214.1,487.25,limit,
Inverse,2,ethane,21202 H2,0.119858746,0.119662048,2.2066,0.85,2.439,9.084062394,No,2565.96006,0.645831058,Yes,16,SE,107.6,380.75,limit,
Inverse,2,ethane,21202 H3,0.119662048,0.119495835,2.2066,0.85,0.5,1.862251413,No,2565.156105,0.646203374,Yes,66,FT,469.1,742.25,blue,Flow timed out
Inverse,2,ethane,21202 H4,0.119495835,0.119341058,2.2066,0.85,0.75,2.79337712,No,2564.474659,0.646518332,Yes,41,SE,301.2,574.35,blue,
Inverse,2,ethane,21202 J1,0.119341058,0.119141157,2.2066,0.85,0.75,2.79337712,Yes,2563.838376,0.646811899,Yes,53,SE,327.8,600.95,blue,
Inverse,2,ethane,21202 K1,0.119141157,0.118589306,1.1033,0.85,1.0,3.724502827,No,2563.014104,0.647191461,Yes,55,SE,275.7,548.85,blue,
Inverse,2,ethane,21202 K2,0.118589306,0.118076549,1.1033,0.85,2.439,9.084062394,No,2560.723976,0.648241659,Yes,21,SE,113.4,386.55,blue,
Inverse,2,ethane,21202 L1,0.118076549,0.117577094,1.1033,0.85,1,3.724502827,Yes,2558.57659,0.649220596,Yes,50,SE,255.6,528.75,blue,
Inverse,3,ethane,21209 A1,0.24,0.238982459,0.55165,0.85,1,3.724502827,No,2820.983248,0.478798757,Yes,26,FT,544.1,817.25,limit,"Burner T limit, most images lost"
Inverse,3,ethane,21209 A2,0.238982459,0.238982459,0.55165,0.85,2.435,9.069164383,No,2819.838789,0.47984081,No,0,-,25.7,298.85,-,Aborted
Inverse,3,ethane,21209 A3,0.238982459,0.234050039,0.55165,0.85,2.435,9.069164383,No,2819.838789,0.47984081,Yes,67,FT,300.3,573.45,limit,
Inverse,3,ethane,21209 B1,0.234050039,0.224321623,0.55165,0.85,2.435,9.069164383,Yes,2814.150439,0.484959237,Yes,136,FT,300,573.15,limit,
Inverse,3,ethane,21209 A4,0.224321623,0.221438453,0.55165,0.85,1.5,5.58675424,No,2802.206567,0.495392754,Yes,66,FT,419.1,692.25,limit,
Inverse,3,ethane,21209 H1,0.221438453,0.217480394,0.55165,0.5,1.5,5.58675424,No,2621.397849,0.379683661,Yes,66,FT,290.2,563.35,limit,
Inverse,3,ethane,21209 J1,0.217480394,0.211850471,0.55165,0.3,1.5,5.58675424,No,2339.776556,0.277470501,Yes,66,FT,248.4,521.55,yellow,
Inverse,3,ethane,21209 F1,0.211850471,0.204571036,0.55165,0.21,1.5,5.58675424,No,2044.76624,0.218310119,Yes,66,FT,201.4,474.55,limit,Not round shape
Inverse,3,ethane,21209 F2,0.204571036,0.199816112,0.55165,0.21,1,3.724502827,No,2035.764382,0.224244151,Yes,66,FT,213.7,486.85,blue,
Inverse,3,ethane,21209 F3,0.199816112,0.197462908,0.55165,0.21,0.5,1.862251413,No,2029.562068,0.228301179,Yes,66,FT,317.3,590.45,blue,
Inverse,3,ethane,21209 B2,0.197462908,0.196171791,0.55165,0.85,1,3.724502827,Yes,2763.395427,0.526764096,Yes,48,FT,514,787.15,blue,
Inverse,3,ethane,21209 K1,0.196171791,0.195128289,0.55165,0.18,0.5,1.862251413,No,1885.144054,0.205905777,Yes,26,FT,128.1,401.25,blue,Timed out
Inverse,4,ethane,21216 A1,0.1,0.099922963,3.3099,0.85,1,3.724502827,No,2468.258593,0.68577955,Yes,17,SE,160.2,433.35,blue,
Inverse,4,ethane,21216 A2,0.099922963,0.099853897,3.3099,0.85,1.5,5.58675424,No,2467.80041,0.685944384,Yes,15,SE,119,392.15,blue,
Inverse,4,ethane,21216 A3,0.099853897,0.099741839,3.3099,0.85,2.435,9.069164383,No,2467.389001,0.686092233,Yes,15,SE,100,373.15,blue,
Inverse,4,ethane,21216 A4,0.099741839,0.09968663,3.3099,0.85,0.5,1.862251413,No,2466.720234,0.686332251,Yes,36,SE,330.4,603.55,blue,
Inverse,4,ethane,21216 A5,0.09968663,0.099685864,3.3099,0.85,0.25,0.931125707,No,2466.390164,0.686450567,flash,1,SE,59.6,332.75,-,
Inverse,4,ethane,21216 A6,0.099685864,0.099609979,3.3099,0.85,0.375,1.39668856,No,2466.385577,0.686452211,Yes,66,FT,471.4,744.55,blue,
Inverse,4,ethane,21216 B1,0.099609979,0.099495066,3.3099,0.85,1.5,5.58675424,Yes,2465.931264,0.686614905,Yes,25,SE,142.9,416.05,limit,
Inverse,4,ethane,21216 C1,0.099495066,0.099424557,3.3099,0.5,1.5,5.58675424,No,2292.748844,0.574515172,Yes,12,SE,77.6,350.75,blue,
Inverse,4,ethane,21216 F1,0.099424557,0.098736583,3.3099,0.21,1.5,5.58675424,No,1786.726147,0.371165407,Yes,68,FT,126.5,399.65,blue,
Inverse,4,ethane,21216 H1,0.098736583,0.098462155,1.1033,0.85,1.5,5.58675424,No,2460.649609,0.688493139,Yes,20,SE,120.5,393.65,blue,
Inverse,4,ethane,21216 H2,0.098462155,0.098061989,1.1033,0.85,2.435,9.069164383,No,2458.969802,0.689085467,Yes,18,SE,99.1,372.25,blue,
Inverse,4,ethane,21216 J1,0.098061989,0.097840812,1.1033,0.5,1,3.724502827,No,2283.992627,0.578032305,Yes,19,SE,111.3,384.45,blue,
Inverse,4,ethane,21216 K1,0.097840812,0.096528098,1.1033,0.21,1,3.724502827,No,1779.772352,0.374893855,Yes,66,FT,131.4,404.55,blue,
Inverse,5,propane,21222 A1,0.08,0.079950834,3.3099,0.85,1.5,5.441972789,No,2532.591389,0.664749239,Yes,10,SE,102.1,375.25,blue,
Inverse,5,propane,21222 A2,0.079950834,0.079906404,3.3099,0.85,1,3.627981859,No,2532.275517,0.664880215,Yes,16,SE,148.4,421.55,limit,
Inverse,5,propane,21222 A3,0.079906404,0.079781526,3.3099,0.85,2.5,9.069954649,No,2531.989722,0.664998626,Yes,18,SE,100.4,373.55,limit,
Inverse,5,propane,21222 A4,0.079781526,0.07976349,3.3099,0.85,0.5,1.81399093,No,2531.184676,0.665331695,Yes,13,SE,178,451.15,blue,
Inverse,5,propane,21222 A5,0.07976349,0.079760368,3.3099,0.85,0.375,1.360493197,No,2531.068185,0.665379832,Yes,3,SE,92.4,365.55,-,
Inverse,5,propane,21222 B1,0.079760368,0.079689638,3.3099,0.85,1.5,5.441972789,Yes,2531.048018,0.665388164,Yes,17,SE,118.7,391.85,limit,
Inverse,5,propane,21222 C1,0.079689638,0.079658522,3.3099,0.5,1.5,5.441972789,No,2358.832703,0.550590842,Yes,6,SE,54.6,327.75,blue,
Inverse,5,propane,21222 C2,0.079658522,0.079630869,3.3099,0.5,1,3.627981859,No,2358.626362,0.550683248,Yes,8,SE,68.3,341.45,blue,
Inverse,5,propane,21222 F1,0.079630869,0.079622244,3.3099,0.21,1.5,5.441972789,No,1834.567261,0.348768288,Yes,1,SE,26.2,299.35,-,
Inverse,5,propane,21222 F2,0.079622244,0.079622244,3.3099,0.21,0.5,1.81399093,No,1834.524346,0.348791814,No,0,-,26.7,299.85,-,No ignition
Inverse,6,propane,21228 A1,0.0895,0.089438516,2.2066,0.85,1.5,5.441972789,No,2586.94818,0.640496854,Yes,8,SE,88.8,361.95,limit,
inverse,6,propane,21228 A2,0.089438516,0.089318272,2.2066,0.85,2.5,9.069954649,No,2586.633881,0.640647345,Yes,11,SE,81.8,354.95,limit,
inverse,6,propane,21228 A3,0.089318272,0.089265815,2.2066,0.85,1,3.627981859,No,2586.017969,0.640941893,Yes,12,SE,126.5,399.65,limit,
inverse,6,propane,21228 A4,0.089265815,0.089239591,2.2066,0.85,0.5,1.81399093,No,2585.748763,0.641070486,Yes,12,SE,170.3,443.45,blue,
inverse,6,propane,21228 B1,0.089239591,0.089134747,2.2066,0.85,1.5,5.441972789,Yes,2585.61406,0.641134796,Yes,16,SE,112.1,385.25,limit,
inverse,6,propane,21228 C1,0.089134747,0.089068575,2.2066,0.5,1.5,5.441972789,No,2414.746738,0.524036865,Yes,8,SE,62.4,335.55,blue,
inverse,6,propane,21228 C2,0.089068575,0.088163914,2.2066,0.5,2.5,9.069954649,No,2414.397018,0.524213082,Yes,66,FT,147.2,420.35,blue,
inverse,6,propane,21228 C3,0.088163914,0.088125544,2.2066,0.5,1,3.627981859,No,2409.561834,0.526635421,Yes,7,SE,62,335.15,blue,
inverse,6,propane,21228 C4,0.088125544,0.088100881,2.2066,0.5,0.5,1.81399093,No,2409.354503,0.52673871,Yes,9,SE,142.3,415.45,blue,
inverse,6,propane,21228 F1,0.088100881,0.087202272,2.2066,0.21,1.5,5.441972789,No,1873.400434,0.327195256,Yes,65,FT,118.3,391.45,blue,
inverse,6,propane,21228 H1,0.087202272,0.087098504,1.1033,0.85,1.5,5.441972789,No,2574.902538,0.646176337,Yes,8,SE,77.9,351.05,blue,
inverse,6,propane,21228 H2,0.087098504,0.087033671,1.1033,0.85,0.5,1.81399093,No,2574.343536,0.646435546,Yes,15,SE,182.6,455.75,blue,
inverse,6,propane,21228 J1,0.087033671,0.086955901,1.1033,0.85,0.5,1.81,Yes,2574,0.6466,Yes,18,SE,198.9,472.05,blue,
inverse,6,propane,21228 K1,0.086955901,0.086809142,1.1033,0.5,1.5,5.441972789,No,2402.944454,0.529908945,Yes,9,SE,66.6,339.75,blue,
inverse,6,propane,21228 K2,0.086809142,0.086743943,1.1033,0.5,0.5,1.81399093,No,2402.127679,0.53030971,Yes,12,SE,165.6,438.75,blue,
inverse,6,propane,21228 L1,0.086743943,0.086688885,1.1033,0.21,1,3.627981859,No,1867.59582,0.330457167,Yes,3,SE,29.7,302.85,blue,
inverse,6,propane,21228 L2,0.086688885,0.086250062,1.1033,0.21,1.5,5.441972789,No,1867.357153,0.330590998,Yes,16,FT,68.1,341.25,blue,
inverse,7,propane,21235 A1,0.2059,0.204388716,1.1033,0.85,1.5,5.441972789,No,2861.461152,0.451652791,Yes,66,FT,364.2,637.35,yellow then blue,
inverse,7,propane,21235 A2,0.204388716,0.202126356,1.1033,0.85,2.5,9.069954649,No,2859.843865,0.453285544,Yes,66,FT,253.3,526.45,yellow then blue,
inverse,7,propane,21235 C1,0.202126356,0.200883448,1.1033,0.5,1,3.627981859,No,2674.062129,0.340149819,Yes,66,FT,381.5,654.65,,
inverse,7,propane,21235 F1,0.200883448,0.199695339,1.1033,0.21,0.5,1.81399093,No,2102.864333,0.184625261,Yes,66,FT,246.9,520.05,,
inverse,7,propane,21235 F2,0.199695339,0.199695339,1.1033,0.21,2.5,9.069954649,No,2101.707843,0.185427485,No,0,-,26,299.15,,
inverse,7,propane,21235 H1,0.199695339,0.199633914,1.1033,0.18,0.375,1.360493197,No,1954.1532,0.163830715,Yes,4,SE,55.2,328.35,,
inverse,7,propane,21235 J1,0.199633914,0.198350097,1.1033,0.19,0.5,1.81399093,No,2006.678395,0.171215043,Yes,66,FT,181.1,454.25,,
inverse,7,propane,21235 B1,0.198350097,0.195292522,1.1033,0.85,1.5,5.441972789,Yes,2853.118802,0.4599553,Yes,152,FT,411.6,684.75,,
inverse,7,propane,21235 K1,0.195292522,0.192660203,0.55165,0.85,1.5,5.441972789,No,2849.544458,0.463424197,Yes,66,FT,400.7,673.85,,
inverse,7,propane,21235 L1,0.192660203,0.184447753,0.55165,0.85,2.5,9.069954649,Yes,2846.370643,0.466461784,Yes,127,FT,291,564.15,,
inverse,8,propane,21242 A1,0.4287,0.427799337,0.55165,0.85,1.5,5.441972789,No,2978.371796,0.305968987,Yes,12,FT,651.5,924.65,Yellow,Terminated by burner temp hit the limit.
inverse,8,propane,21242 P1,0.427799337,0.424514159,0.55165,0.3,1.5,5.441972789,No,2506.980822,0.143510124,Yes,21,FT,173.8,446.95,Yellow,
inverse,8,propane,21242 F2,0.424514159,0.424514159,0.55165,0.21,1.5,5.441972789,No,2207.969786,0.106732291,No,0,-,25.6,298.75,-,"F1 was aborted, and F2 did not ignite."
inverse,8,propane,21242 F3,0.424514159,0.424514159,0.55165,0.21,1.5,5.441972789,No,2207.969786,0.106732291,No,0,-,25.9,299.05,-,
inverse,8,propane,21242 F4,0.424514159,0.424514159,0.55165,0.21,1,3.627981859,No,2207.969786,0.106732291,No,0,-,-,#VALUE!,-,
inverse,8,propane,21242 P2,0.424514159,0.424514159,0.55165,0.3,1.5,5.441972789,No,2506.233979,0.144273053,No,0,-,-,#VALUE!,-,Most data lost this day.
inverse,9,butane,21256 A1,0.0881,0.088041351,2.2066,0.85,1.5,5.368002409,No,2678.571274,0.591765812,Yes,9,SE,102,375.15,Yellow-Blue,
inverse,9,butane,21256 A2,0.088041351,0.087993574,2.2066,0.85,1,3.578668273,No,2678.326663,0.591912769,Yes,11,SE,130.7,403.85,Yellow-Blue,
inverse,9,butane,21256 A3,0.087993574,0.087969688,2.2066,0.85,0.5,1.789334136,No,2678.127192,0.59203255,Yes,11,SE,174.6,447.75,Yellow-Blue,
inverse,9,butane,21256 A4,0.087969688,0.087961546,2.2066,0.85,0.375,1.342000602,No,2678.027398,0.592092455,Yes,5,SE,126.5,399.65,Yellow-Blue,
inverse,9,butane,21256 A5,0.087961546,0.087863884,2.2066,0.85,2.5,8.946670681,No,2677.993369,0.59211288,Yes,9,SE,84,357.15,Yellow-Blue,
inverse,9,butane,21256 C1,0.087863884,0.087790043,2.2066,0.5,1.5,5.368002409,No,2509.345147,0.472161891,Yes,9,SE,64.1,337.25,Yellow-Blue,
inverse,9,butane,21256 F1,0.087790043,0.0868801,2.2066,0.21,1.5,5.368002409,No,1956.107065,0.281118366,Yes,66,FT,131.5,404.65,Yellow-Blue,
inverse,9,butane,21256 B1,0.0868801,0.086795918,2.2066,0.85,1.5,5.368002409,Yes,2673.425067,0.594841136,Yes,13,SE,111.7,384.85,Yellow-Blue,
inverse,9,butane,21256 C2,0.086795918,0.086771464,2.2066,0.5,0.5,1.789334136,No,2504.933499,0.474949057,Yes,9,SE,154.7,427.85,Yellow-Blue,No nitrogen flowed. This repeats A3.
inverse,9,butane,21256 H1,0.07,0.069958563,2.2066,0.85,1.5,5.368002409,No,2585.922171,0.641830412,Yes,7,SE,79.2,352.35,Yellow-Blue,
inverse,9,butane,21256 H2,0.069958563,0.069930943,2.2066,0.85,1,3.578668273,No,2585.658415,0.641957003,Yes,7,SE,88.8,361.95,Yellow-Blue,
inverse,9,butane,21256 H3,0.069930943,0.069921079,2.2066,0.85,0.5,1.789334136,No,2585.482433,0.642041417,Yes,5,SE,100.6,373.75,Yellow-Blue,
inverse,9,butane,21256 H4,0.069921079,0.06991664,2.2066,0.85,0.375,1.342000602,No,2585.419553,0.642071569,Yes,3,SE,75.4,348.55,Yellow-Blue,
inverse,9,butane,21256 H5,0.06991664,0.069847622,2.2066,0.85,2.5,8.946670681,No,2585.391251,0.642085139,Yes,7,SE,68.9,342.05,Yellow-Blue,
inverse,9,butane,21256 K1,0.069847622,0.069818566,2.2066,0.5,1.5,5.368002409,No,2415.926417,0.525017815,Yes,4,SE,42.7,315.85,Yellow-Blue,
inverse,9,butane,21256 M1,0.069818566,0.069806779,2.2066,0.21,1.5,5.368002409,No,1879.235391,0.325704148,Yes,1,SE,25.9,299.05,,Flash
inverse,9,butane,21256 J1,0.069806779,0.069765386,2.2066,0.85,1.5,5.368002409,Yes,2584.689618,0.642421223,Yes,7,SE,75.5,348.65,,
inverse,10,butane,21265 A1,0.058,0.057977904,3.3099,0.85,1.5,5.368002409,No,2493.345063,0.681202374,Yes,6,SE,75.8,348.95,Yellow-Blue,
inverse,10,butane,21265 A2,0.057977904,0.057965629,3.3099,0.85,1,3.578668273,No,2493.13738,0.681280262,Yes,5,SE,81.7,354.85,Yellow-Blue,
inverse,10,butane,21265 A3,0.057965629,0.057964402,3.3099,0.85,0.5,1.789334136,No,2493.021936,0.68132354,Yes,1,SE,74.2,347.35,Yellow-Blue,Flash
inverse,10,butane,21265 A4,0.057964402,0.057955197,3.3099,0.85,0.75,2.684001204,No,2493.010389,0.681327868,Yes,5,SE,91.3,364.45,Yellow-Blue,Flash
inverse,10,butane,21265 A5,0.057955197,0.057906116,3.3099,0.85,2.5,8.946670681,No,2492.923773,0.681360329,Yes,8,SE,69.2,342.35,Yellow-Blue,
inverse,10,butane,21265 C1,0.057906116,0.057892836,3.3099,0.5,1.5,5.368002409,No,2320.742601,0.568476604,Yes,3,SE,38.5,311.65,Blue,
inverse,10,butane,21265 C2,0.057892836,0.057855959,3.3099,0.5,2.5,8.946670681,No,2320.614876,0.568529571,Yes,5,SE,45.5,318.65,Blue,
inverse,10,butane,21265 C3,0.057855959,0.057850059,3.3099,0.5,1,3.578668273,No,2320.259887,0.568676718,Yes,2,SE,38.4,311.55,Blue,
inverse,10,butane,21265 F1,0.057850059,0.057846597,3.3099,0.21,1.5,5.37,No,1807,0.3655,Yes,0.5,SE,26,299.15,Blue,
inverse,10,butane,21265 F2,0.057846597,0.057091447,3.3099,0.21,2.5,8.95,No,1807,0.3655,Yes,66,FT,124.7,397.85,Blue,Not spherical shape flame
inverse,10,butane,21265 F3,0.057091447,0.057091447,3.3099,0.21,1,3.58,No,1801,0.3684,No,0,-,26,299.15,-,No ignition
inverse,10,butane,21265 F4,0.057091447,0.057091447,3.3099,0.21,1,3.58,No,1801,0.3684,No,0,-,26.2,299.35,-,No ignition
inverse,10,butane,21265 H1,0.057091447,0.057086602,3.3099,0.4,1.5,5.37,No,2209,0.5198,Yes,1,SE,34.1,307.25,Blue,
inverse,10,butane,21265 H2,0.057086602,0.056556159,3.3099,0.4,2.5,8.95,No,2209,0.5198,Yes,66,FT,135,408.15,Blue,
inverse,10,butane,21265 J1,0.056556159,0.056517425,3.3099,0.7,2.5,8.946670681,No,2427.146039,0.647510818,Yes,6,SE,56.9,330.05,Blue,
inverse,10,butane,21265 K1,0.056517425,0.056479312,3.3099,0.45,2.5,8.946670681,No,2260.711549,0.549786733,Yes,5,SE,43.7,316.85,Blue,
inverse,10,butane,21265 H3,0.056479312,0.055626433,3.3099,0.4,2.5,8.946670681,No,2203.074582,0.522327593,Yes,107,FT,,273.15,Blue,
inverse,11,butane,21270 A1,0.1749,0.173778305,1.1033,0.85,1.5,5.37,No,2872.801057,0.442088137,Yes,60,FT,328.9,602.05,limit,
inverse,11,butane,21270 A2,0.173778305,0.171001571,1.1033,0.85,2.5,8.95,No,2871.533096,0.443425062,Yes,90,FT,240.9,514.05,limit,
inverse,11,butane,21270 A3,0.171001571,0.170677992,1.1033,0.85,0.75,2.68,No,2868.31586,0.446781564,Yes,35,FT,460.1,733.25,limit,
inverse,11,butane,21270 A4,0.170677992,0.169429945,1.1033,0.85,1.13,4.03,No,2867.933483,0.447177124,Yes,90,FT,433.3,706.45,limit,
inverse,11,butane,21270 C1,0.169429945,0.167695778,1.1033,0.5,1.50,5.37,No,2681.669686,0.333795689,yes,70,FT,210.4,483.55,limit,
inverse,11,butane,21270 H1,0.14,0.139163137,1.1033,0.85,1.50,5.37,No,2822.860276,0.489451071,yes,51,SE,244.3,517.45,limit,
inverse,11,butane,21270 H2,0.139163137,0.138810842,1.1033,0.85,0.75,2.68,No,2821.334066,0.490753924,yes,43,FT,454.6,727.75,limit,
inverse,11,butane,21270 H3,0.138810842,0.138281183,1.1033,0.85,1.13,4.03,No,2820.685933,0.491305077,yes,43,FT,352.5,625.65,limit,
inverse,11,butane,21270 H4,0.138281183,0.136039791,1.1033,0.85,2.50,8.95,No,2819.705144,0.492136729,yes,83,FT,217,490.15,limit,
inverse,11,butane,21270 H5,0.136039791,0.135390592,1.1033,0.85,1.31,4.69,No,2815.468657,0.495696773,yes,46,SE,260.4,533.55,limit,
inverse,12,butane,21277 A1,0.3617,0.360954674,0.55165,0.85,1.5,5.368002409,No,2977.816828,0.309352082,yes,12,FT,529.3,802.45,Yellow,hit the temperature limit
inverse,12,butane,21277 H1,0.360954674,0.359429956,0.55165,0.5,1.5,5.368002409,No,2788.034113,0.216385803,yes,17,FT,462.1,735.25,Yellow,hit the temperature limit
inverse,12,butane,21277 J1,0.359429956,0.359429956,0.55165,0.21,1.5,5.368002409,No,2210.030184,0.107933674,No,0,-,25.8,298.95,-,No ignition
inverse,12,butane,21277 K1,0.359429956,0.359429956,0.55165,0.3,1.5,5.368002409,No,2507.215807,0.145828013,No,0,-,25.8,298.95,-,No ignition
inverse,12,butane,21277 K2,0.359429956,0.356754522,0.55165,0.3,1.5,5.368002409,No,2507.215807,0.145828013,yes,20,FT,160.1,433.25,yellow,different N2 ig delta.
inverse,12,butane,21277 J2,0.356754522,0.356754522,0.55165,0.21,1.5,5.368002409,No,2209.372895,0.108454236,no,0,-,25.9,299.05,-,No ignition
inverse,12,butane,21277 C1,0.2522,0.251247573,0.55165,0.85,1.5,5.368002409,No,2932.454962,0.37025908,yes,20,FT,405.1,678.25,yellow,
inverse,12,butane,21277 C2,0.251247573,0.248412758,0.55165,0.85,2.5,8.946670681,No,2931.928594,0.370953716,yes,36,FT,289.2,562.35,yellow,
inverse,12,butane,21277 L1,0.248412758,0.244087053,0.55165,0.5,1.5,5.368002409,No,2744.233888,0.268082755,yes,66,FT,386.5,659.65,yellow,hit the temperature limit
inverse,12,butane,21277 F1,0.18,0.177499831,0.55165,0.85,1.5,5.368002409,No,2878.349024,0.436142881,yes,66,FT,392.4,665.55,limit,
inverse,12,butane,21277 F2,0.177499831,0.173392552,0.55165,0.85,2.5,8.946670681,No,2875.672656,0.43903047,yes,66,FT,441.5,714.65,limit,
inverse,12,butane,21277 M1,0.1406,0.13702112,0.55165,0.85,2.5,8.946670681,No,2823.94302,0.488522469,yes,66,FT,456,729.15,limit,hit the temperature limit
inverse,12,butane,21277 N1,0.1406,0.139267902,0.55165,0.5,0.833333333,2.98222356,No,2642.951581,0.370258568,yes,55,FT,458.2,731.35,Blue,hit the temperature limit
inverse,12,butane,21277 P1,0.1406,0.139767809,0.55165,0.3,0.510,1.825120819,No,2368.835465,0.26600049,yes,40,FT,458.3,731.45,Blue,hit the temperature limit
,,,,,,,,,,,,,,,,,,,
,,,,,,,,,,,,,,,,,,,
,,,,,,,,,,,,,,,,,,,
,,,,,,,,,,,,,,,,,,,
,,,,,,,,,,,,,,,,,,,
,,,,,,,,,,,,,,,,,,,
,,,,,,,,,,,,,,,,,,,
,,,,,,,,,,,,,,,,,,,
,,,,,,,,,,,,,,,,,,,
,,,,,,,,,,,,,,,,,,,
,,,,,,,,,,,,,,,,,,,
,,,,,,,,,,,,,,,,,,,
,,,,,,,,,,,,,,,,,,,
,,,,,,,,,,,,,,,,,,,
,,,,,,,,,,,,,,,,,,,
,,,,,,,,,,,,,,,,,,,
,,,,,,,,,,,,,,,,,,,
,,,,,,,,,,,,,,,,,,,
,,,,,,,,,,,,,,,,,,,
,,,,,,,,,,,,,,,,,,,
,,,,,,,,,,,,,,,,,,,
,,,,,,,,,,,,,,,,,,,
,,,,,,,,,,,,,,,,,,,
,,,,,,,,,,,,,,,,,,,
,,,,,,,,,,,,,,,,,,,
,,,,,,,,,,,,,,,,,,,
,,,,,,,,,,,,,,,,,,,
,,,,,,,,,,,,,,,,,,,
,,,,,,,,,,,,,,,,,,,
,,,,,,,,,,,,,,,,,,,
,,,,,,,,,,,,,,,,,,,
,,,,,,,,,,,,,,,,,,,
,,,,,,,,,,,,,,,,,,,
,,,,,,,,,,,,,,,,,,,
,,,,,,,,,,,,,,,,,,,
,,,,,,,,,,,,,,,,,,,
,,,,,,,,,,,,,,,,,,,
,,,,,,,,,,,,,,,,,,,
,,,,,,,,,,,,,,,,,,,
,,,,,,,,,,,,,,,,,,,
,,,,,,,,,,,,,,,,,,,
,,,,,,,,,,,,,,,,,,,
,,,,,,,,,,,,,,,,,,,
,,,,,,,,,,,,,,,,,,,
,,,,,,,,,,,,,,,,,,,
,,,,,,,,,,,,,,,,,,,
,,,,,,,,,,,,,,,,,,,
,,,,,,,,,,,,,,,,,,,
,,,,,,,,,,,,,,,,,,,
,,,,,,,,,,,,,,,,,,,
,,,,,,,,,,,,,,,,,,,
,,,,,,,,,,,,,,,,,,,
,,,,,,,,,,,,,,,,,,,
,,,,,,,,,,,,,,,,,,,
,,,,,,,,,,,,,,,,,,,
,,,,,,,,,,,,,,,,,,,
,,,,,,,,,,,,,,,,,,,
,,,,,,,,,,,,,,,,,,,
,,,,,,,,,,,,,,,,,,,
,,,,,,,,,,,,,,,,,,,
,,,,,,,,,,,,,,,,,,,
,,,,,,,,,,,,,,,,,,,
,,,,,,,,,,,,,,,,,,,
,,,,,,,,,,,,,,,,,,,
,,,,,,,,,,,,,,,,,,,
,,,,,,,,,,,,,,,,,,,
,,,,,,,,,,,,,,,,,,,
,,,,,,,,,,,,,,,,,,,
,,,,,,,,,,,,,,,,,,,
,,,,,,,,,,,,,,,,,,,
,,,,,,,,,,,,,,,,,,,
,,,,,,,,,,,,,,,,,,,
,,,,,,,,,,,,,,,,,,,
,,,,,,,,,,,,,,,,,,,
,,,,,,,,,,,,,,,,,,,
,,,,,,,,,,,,,,,,,,,
,,,,,,,,,,,,,,,,,,,
,,,,,,,,,,,,,,,,,,,
,,,,,,,,,,,,,,,,,,,
,,,,,,,,,,,,,,,,,,,
,,,,,,,,,,,,,,,,,,,
,,,,,,,,,,,,,,,,,,,
,,,,,,,,,,,,,,,,,,,
,,,,,,,,,,,,,,,,,,,
,,,,,,,,,,,,,,,,,,,
,,,,,,,,,,,,,,,,,,,
,,,,,,,,,,,,,,,,,,,
,,,,,,,,,,,,,,,,,,,
,,,,,,,,,,,,,,,,,,,
,,,,,,,,,,,,,,,,,,,
,,,,,,,,,,,,,,,,,,,
,,,,,,,,,,,,,,,,,,,
,,,,,,,,,,,,,,,,,,,
,,,,,,,,,,,,,,,,,,,
,,,,,,,,,,,,,,,,,,,
,,,,,,,,,,,,,,,,,,,
,,,,,,,,,,,,,,,,,,,
,,,,,,,,,,,,,,,,,,,
,,,,,,,,,,,,,,,,,,,
,,,,,,,,,,,,,,,,,,,
,,,,,,,,,,,,,,,,,,,
,,,,,,,,,,,,,,,,,,,
,,,,,,,,,,,,,,,,,,,
,,,,,,,,,,,,,,,,,,,
,,,,,,,,,,,,,,,,,,,
,,,,,,,,,,,,,,,,,,,
,,,,,,,,,,,,,,,,,,,
,,,,,,,,,,,,,,,,,,,
,,,,,,,,,,,,,,,,,,,
,,,,,,,,,,,,,,,,,,,
,,,,,,,,,,,,,,,,,,,
,,,,,,,,,,,,,,,,,,,
,,,,,,,,,,,,,,,,,,,
,,,,,,,,,,,,,,,,,,,
,,,,,,,,,,,,,,,,,,,
,,,,,,,,,,,,,,,,,,,
,,,,,,,,,,,,,,,,,,,
,,,,,,,,,,,,,,,,,,,
,,,,,,,,,,,,,,,,,,,
,,,,,,,,,,,,,,,,,,,
,,,,,,,,,,,,,,,,,,,
,,,,,,,,,,,,,,,,,,,
,,,,,,,,,,,,,,,,,,,
,,,,,,,,,,,,,,,,,,,
,,,,,,,,,,,,,,,,,,,
,,,,,,,,,,,,,,,,,,,
,,,,,,,,,,,,,,,,,,,
,,,,,,,,,,,,,,,,,,,
,,,,,,,,,,,,,,,,,,,
,,,,,,,,,,,,,,,,,,,
,,,,,,,,,,,,,,,,,,,
,,,,,,,,,,,,,,,,,,,
,,,,,,,,,,,,,,,,,,,
,,,,,,,,,,,,,,,,,,,
,,,,,,,,,,,,,,,,,,,
,,,,,,,,,,,,,,,,,,,
,,,,,,,,,,,,,,,,,,,
,,,,,,,,,,,,,,,,,,,
,,,,,,,,,,,,,,,,,,,
,,,,,,,,,,,,,,,,,,,
,,,,,,,,,,,,,,,,,,,
,,,,,,,,,,,,,,,,,,,
,,,,,,,,,,,,,,,,,,,
,,,,,,,,,,,,,,,,,,,
,,,,,,,,,,,,,,,,,,,
,,,,,,,,,,,,,,,,,,,
,,,,,,,,,,,,,,,,,,,
,,,,,,,,,,,,,,,,,,,
,,,,,,,,,,,,,,,,,,,
,,,,,,,,,,,,,,,,,,,
,,,,,,,,,,,,,,,,,,,
,,,,,,,,,,,,,,,,,,,
,,,,,,,,,,,,,,,,,,,
,,,,,,,,,,,,,,,,,,,
,,,,,,,,,,,,,,,,,,,
,,,,,,,,,,,,,,,,,,,
,,,,,,,,,,,,,,,,,,,
,,,,,,,,,,,,,,,,,,,
,,,,,,,,,,,,,,,,,,,
,,,,,,,,,,,,,,,,,,,
,,,,,,,,,,,,,,,,,,,
,,,,,,,,,,,,,,,,,,,
,,,,,,,,,,,,,,,,,,,
,,,,,,,,,,,,,,,,,,,
,,,,,,,,,,,,,,,,,,,
,,,,,,,,,,,,,,,,,,,
,,,,,,,,,,,,,,,,,,,
,,,,,,,,,,,,,,,,,,,
,,,,,,,,,,,,,,,,,,,
,,,,,,,,,,,,,,,,,,,
,,,,,,,,,,,,,,,,,,,
,,,,,,,,,,,,,,,,,,,
,,,,,,,,,,,,,,,,,,,
,,,,,,,,,,,,,,,,,,,
,,,,,,,,,,,,,,,,,,,
,,,,,,,,,,,,,,,,,,,
,,,,,,,,,,,,,,,,,,,
,,,,,,,,,,,,,,,,,,,
,,,,,,,,,,,,,,,,,,,
,,,,,,,,,,,,,,,,,,,
,,,,,,,,,,,,,,,,,,,
,,,,,,,,,,,,,,,,,,,
,,,,,,,,,,,,,,,,,,,
,,,,,,,,,,,,,,,,,,,
,,,,,,,,,,,,,,,,,,,
,,,,,,,,,,,,,,,,,,,
,,,,,,,,,,,,,,,,,,,
,,,,,,,,,,,,,,,,,,,
,,,,,,,,,,,,,,,,,,,
,,,,,,,,,,,,,,,,,,,
,,,,,,,,,,,,,,,,,,,
,,,,,,,,,,,,,,,,,,,
,,,,,,,,,,,,,,,,,,,
,,,,,,,,,,,,,,,,,,,
,,,,,,,,,,,,,,,,,,,
,,,,,,,,,,,,,,,,,,,
,,,,,,,,,,,,,,,,,,,
,,,,,,,,,,,,,,,,,,,
,,,,,,,,,,,,,,,,,,,
,,,,,,,,,,,,,,,,,,,
,,,,,,,,,,,,,,,,,,,
,,,,,,,,,,,,,,,,,,,
,,,,,,,,,,,,,,,,,,,
,,,,,,,,,,,,,,,,,,,
,,,,,,,,,,,,,,,,,,,
,,,,,,,,,,,,,,,,,,,
,,,,,,,,,,,,,,,,,,,
,,,,,,,,,,,,,,,,,,,
,,,,,,,,,,,,,,,,,,,
,,,,,,,,,,,,,,,,,,,
,,,,,,,,,,,,,,,,,,,
,,,,,,,,,,,,,,,,,,,
,,,,,,,,,,,,,,,,,,,
,,,,,,,,,,,,,,,,,,,
,,,,,,,,,,,,,,,,,,,
,,,,,,,,,,,,,,,,,,,
,,,,,,,,,,,,,,,,,,,
,,,,,,,,,,,,,,,,,,,
,,,,,,,,,,,,,,,,,,,
,,,,,,,,,,,,,,,,,,,
,,,,,,,,,,,,,,,,,,,
,,,,,,,,,,,,,,,,,,,
,,,,,,,,,,,,,,,,,,,
,,,,,,,,,,,,,,,,,,,
,,,,,,,,,,,,,,,,,,,
,,,,,,,,,,,,,,,,,,,
,,,,,,,,,,,,,,,,,,,
,,,,,,,,,,,,,,,,,,,
,,,,,,,,,,,,,,,,,,,
,,,,,,,,,,,,,,,,,,,
,,,,,,,,,,,,,,,,,,,
,,,,,,,,,,,,,,,,,,,
,,,,,,,,,,,,,,,,,,,
,,,,,,,,,,,,,,,,,,,
,,,,,,,,,,,,,,,,,,,
,,,,,,,,,,,,,,,,,,,
,,,,,,,,,,,,,,,,,,,
,,,,,,,,,,,,,,,,,,,
,,,,,,,,,,,,,,,,,,,
,,,,,,,,,,,,,,,,,,,
,,,,,,,,,,,,,,,,,,,
,,,,,,,,,,,,,,,,,,,
,,,,,,,,,,,,,,,,,,,
,,,,,,,,,,,,,,,,,,,
,,,,,,,,,,,,,,,,,,,
,,,,,,,,,,,,,,,,,,,
,,,,,,,,,,,,,,,,,,,
,,,,,,,,,,,,,,,,,,,
,,,,,,,,,,,,,,,,,,,
,,,,,,,,,,,,,,,,,,,
,,,,,,,,,,,,,,,,,,,
,,,,,,,,,,,,,,,,,,,
,,,,,,,,,,,,,,,,,,,
,,,,,,,,,,,,,,,,,,,
,,,,,,,,,,,,,,,,,,,
,,,,,,,,,,,,,,,,,,,
,,,,,,,,,,,,,,,,,,,
,,,,,,,,,,,,,,,,,,,
,,,,,,,,,,,,,,,,,,,
,,,,,,,,,,,,,,,,,,,
,,,,,,,,,,,,,,,,,,,
,,,,,,,,,,,,,,,,,,,
,,,,,,,,,,,,,,,,,,,
,,,,,,,,,,,,,,,,,,,
,,,,,,,,,,,,,,,,,,,
,,,,,,,,,,,,,,,,,,,
,,,,,,,,,,,,,,,,,,,
,,,,,,,,,,,,,,,,,,,
,,,,,,,,,,,,,,,,,,,
,,,,,,,,,,,,,,,,,,,
,,,,,,,,,,,,,,,,,,,
,,,,,,,,,,,,,,,,,,,
,,,,,,,,,,,,,,,,,,,
,,,,,,,,,,,,,,,,,,,
,,,,,,,,,,,,,,,,,,,
,,,,,,,,,,,,,,,,,,,
,,,,,,,,,,,,,,,,,,,
,,,,,,,,,,,,,,,,,,,
,,,,,,,,,,,,,,,,,,,
,,,,,,,,,,,,,,,,,,,
,,,,,,,,,,,,,,,,,,,
,,,,,,,,,,,,,,,,,,,
,,,,,,,,,,,,,,,,,,,
,,,,,,,,,,,,,,,,,,,
,,,,,,,,,,,,,,,,,,,
,,,,,,,,,,,,,,,,,,,
,,,,,,,,,,,,,,,,,,,
,,,,,,,,,,,,,,,,,,,
,,,,,,,,,,,,,,,,,,,
,,,,,,,,,,,,,,,,,,,
,,,,,,,,,,,,,,,,,,,
,,,,,,,,,,,,,,,,,,,
,,,,,,,,,,,,,,,,,,,
,,,,,,,,,,,,,,,,,,,
,,,,,,,,,,,,,,,,,,,
,,,,,,,,,,,,,,,,,,,
,,,,,,,,,,,,,,,,,,,
,,,,,,,,,,,,,,,,,,,
,,,,,,,,,,,,,,,,,,,
,,,,,,,,,,,,,,,,,,,
,,,,,,,,,,,,,,,,,,,
,,,,,,,,,,,,,,,,,,,
,,,,,,,,,,,,,,,,,,,
,,,,,,,,,,,,,,,,,,,
,,,,,,,,,,,,,,,,,,,
,,,,,,,,,,,,,,,,,,,
,,,,,,,,,,,,,,,,,,,
,,,,,,,,,,,,,,,,,,,
,,,,,,,,,,,,,,,,,,,
,,,,,,,,,,,,,,,,,,,
,,,,,,,,,,,,,,,,,,,
,,,,,,,,,,,,,,,,,,,
,,,,,,,,,,,,,,,,,,,
,,,,,,,,,,,,,,,,,,,
,,,,,,,,,,,,,,,,,,,
,,,,,,,,,,,,,,,,,,,
,,,,,,,,,,,,,,,,,,,
,,,,,,,,,,,,,,,,,,,
,,,,,,,,,,,,,,,,,,,
,,,,,,,,,,,,,,,,,,,
,,,,,,,,,,,,,,,,,,,
,,,,,,,,,,,,,,,,,,,
,,,,,,,,,,,,,,,,,,,
,,,,,,,,,,,,,,,,,,,
,,,,,,,,,,,,,,,,,,,
,,,,,,,,,,,,,,,,,,,
,,,,,,,,,,,,,,,,,,,
,,,,,,,,,,,,,,,,,,,
,,,,,,,,,,,,,,,,,,,
,,,,,,,,,,,,,,,,,,,
,,,,,,,,,,,,,,,,,,,
,,,,,,,,,,,,,,,,,,,
,,,,,,,,,,,,,,,,,,,
,,,,,,,,,,,,,,,,,,,
,,,,,,,,,,,,,,,,,,,
,,,,,,,,,,,,,,,,,,,
,,,,,,,,,,,,,,,,,,,
,,,,,,,,,,,,,,,,,,,
,,,,,,,,,,,,,,,,,,,
,,,,,,,,,,,,,,,,,,,
,,,,,,,,,,,,,,,,,,,
,,,,,,,,,,,,,,,,,,,
,,,,,,,,,,,,,,,,,,,
,,,,,,,,,,,,,,,,,,,
,,,,,,,,,,,,,,,,,,,
,,,,,,,,,,,,,,,,,,,
,,,,,,,,,,,,,,,,,,,
,,,,,,,,,,,,,,,,,,,
,,,,,,,,,,,,,,,,,,,
,,,,,,,,,,,,,,,,,,,
,,,,,,,,,,,,,,,,,,,
,,,,,,,,,,,,,,,,,,,
,,,,,,,,,,,,,,,,,,,
,,,,,,,,,,,,,,,,,,,
,,,,,,,,,,,,,,,,,,,
,,,,,,,,,,,,,,,,,,,
,,,,,,,,,,,,,,,,,,,
,,,,,,,,,,,,,,,,,,,
,,,,,,,,,,,,,,,,,,,
,,,,,,,,,,,,,,,,,,,
,,,,,,,,,,,,,,,,,,,
,,,,,,,,,,,,,,,,,,,
,,,,,,,,,,,,,,,,,,,
,,,,,,,,,,,,,,,,,,,
,,,,,,,,,,,,,,,,,,,
,,,,,,,,,,,,,,,,,,,
,,,,,,,,,,,,,,,,,,,
,,,,,,,,,,,,,,,,,,,
,,,,,,,,,,,,,,,,,,,
,,,,,,,,,,,,,,,,,,,
,,,,,,,,,,,,,,,,,,,
,,,,,,,,,,,,,,,,,,,
,,,,,,,,,,,,,,,,,,,
,,,,,,,,,,,,,,,,,,,
,,,,,,,,,,,,,,,,,,,
,,,,,,,,,,,,,,,,,,,
,,,,,,,,,,,,,,,,,,,
,,,,,,,,,,,,,,,,,,,
,,,,,,,,,,,,,,,,,,,
,,,,,,,,,,,,,,,,,,,
,,,,,,,,,,,,,,,,,,,
,,,,,,,,,,,,,,,,,,,
,,,,,,,,,,,,,,,,,,,
,,,,,,,,,,,,,,,,,,,
,,,,,,,,,,,,,,,,,,,
,,,,,,,,,,,,,,,,,,,
,,,,,,,,,,,,,,,,,,,
,,,,,,,,,,,,,,,,,,,
,,,,,,,,,,,,,,,,,,,
,,,,,,,,,,,,,,,,,,,
,,,,,,,,,,,,,,,,,,,
,,,,,,,,,,,,,,,,,,,
,,,,,,,,,,,,,,,,,,,
,,,,,,,,,,,,,,,,,,,
,,,,,,,,,,,,,,,,,,,
,,,,,,,,,,,,,,,,,,,
,,,,,,,,,,,,,,,,,,,
,,,,,,,,,,,,,,,,,,,
,,,,,,,,,,,,,,,,,,,
,,,,,,,,,,,,,,,,,,,
,,,,,,,,,,,,,,,,,,,
,,,,,,,,,,,,,,,,,,,
,,,,,,,,,,,,,,,,,,,
,,,,,,,,,,,,,,,,,,,
,,,,,,,,,,,,,,,,,,,
,,,,,,,,,,,,,,,,,,,
,,,,,,,,,,,,,,,,,,,
,,,,,,,,,,,,,,,,,,,
,,,,,,,,,,,,,,,,,,,
,,,,,,,,,,,,,,,,,,,
,,,,,,,,,,,,,,,,,,,
,,,,,,,,,,,,,,,,,,,
,,,,,,,,,,,,,,,,,,,
,,,,,,,,,,,,,,,,,,,
,,,,,,,,,,,,,,,,,,,
,,,,,,,,,,,,,,,,,,,
,,,,,,,,,,,,,,,,,,,
,,,,,,,,,,,,,,,,,,,
,,,,,,,,,,,,,,,,,,,
,,,,,,,,,,,,,,,,,,,
,,,,,,,,,,,,,,,,,,,
,,,,,,,,,,,,,,,,,,,
,,,,,,,,,,,,,,,,,,,
,,,,,,,,,,,,,,,,,,,
,,,,,,,,,,,,,,,,,,,
,,,,,,,,,,,,,,,,,,,
,,,,,,,,,,,,,,,,,,,
,,,,,,,,,,,,,,,,,,,
,,,,,,,,,,,,,,,,,,,
,,,,,,,,,,,,,,,,,,,
,,,,,,,,,,,,,,,,,,,
,,,,,,,,,,,,,,,,,,,
,,,,,,,,,,,,,,,,,,,
,,,,,,,,,,,,,,,,,,,
,,,,,,,,,,,,,,,,,,,
,,,,,,,,,,,,,,,,,,,
,,,,,,,,,,,,,,,,,,,
,,,,,,,,,,,,,,,,,,,
,,,,,,,,,,,,,,,,,,,
,,,,,,,,,,,,,,,,,,,
,,,,,,,,,,,,,,,,,,,
,,,,,,,,,,,,,,,,,,,
,,,,,,,,,,,,,,,,,,,
,,,,,,,,,,,,,,,,,,,
,,,,,,,,,,,,,,,,,,,
,,,,,,,,,,,,,,,,,,,
,,,,,,,,,,,,,,,,,,,
,,,,,,,,,,,,,,,,,,,
,,,,,,,,,,,,,,,,,,,
,,,,,,,,,,,,,,,,,,,
,,,,,,,,,,,,,,,,,,,
,,,,,,,,,,,,,,,,,,,
,,,,,,,,,,,,,,,,,,,
,,,,,,,,,,,,,,,,,,,
,,,,,,,,,,,,,,,,,,,
,,,,,,,,,,,,,,,,,,,
,,,,,,,,,,,,,,,,,,,
,,,,,,,,,,,,,,,,,,,
,,,,,,,,,,,,,,,,,,,
,,,,,,,,,,,,,,,,,,,
,,,,,,,,,,,,,,,,,,,
,,,,,,,,,,,,,,,,,,,
,,,,,,,,,,,,,,,,,,,
,,,,,,,,,,,,,,,,,,,
,,,,,,,,,,,,,,,,,,,
,,,,,,,,,,,,,,,,,,,
,,,,,,,,,,,,,,,,,,,
,,,,,,,,,,,,,,,,,,,
,,,,,,,,,,,,,,,,,,,
,,,,,,,,,,,,,,,,,,,
,,,,,,,,,,,,,,,,,,,
,,,,,,,,,,,,,,,,,,,
,,,,,,,,,,,,,,,,,,,
,,,,,,,,,,,,,,,,,,,
,,,,,,,,,,,,,,,,,,,
,,,,,,,,,,,,,,,,,,,
,,,,,,,,,,,,,,,,,,,
,,,,,,,,,,,,,,,,,,,
,,,,,,,,,,,,,,,,,,,
,,,,,,,,,,,,,,,,,,,
,,,,,,,,,,,,,,,,,,,
,,,,,,,,,,,,,,,,,,,
,,,,,,,,,,,,,,,,,,,
,,,,,,,,,,,,,,,,,,,
,,,,,,,,,,,,,,,,,,,
,,,,,,,,,,,,,,,,,,,
,,,,,,,,,,,,,,,,,,,
,,,,,,,,,,,,,,,,,,,
,,,,,,,,,,,,,,,,,,,
,,,,,,,,,,,,,,,,,,,
,,,,,,,,,,,,,,,,,,,
,,,,,,,,,,,,,,,,,,,
,,,,,,,,,,,,,,,,,,,
,,,,,,,,,,,,,,,,,,,
,,,,,,,,,,,,,,,,,,,
,,,,,,,,,,,,,,,,,,,
,,,,,,,,,,,,,,,,,,,
,,,,,,,,,,,,,,,,,,,
,,,,,,,,,,,,,,,,,,,
,,,,,,,,,,,,,,,,,,,
,,,,,,,,,,,,,,,,,,,
,,,,,,,,,,,,,,,,,,,
,,,,,,,,,,,,,,,,,,,
,,,,,,,,,,,,,,,,,,,
,,,,,,,,,,,,,,,,,,,
,,,,,,,,,,,,,,,,,,,
,,,,,,,,,,,,,,,,,,,
,,,,,,,,,,,,,,,,,,,
,,,,,,,,,,,,,,,,,,,
,,,,,,,,,,,,,,,,,,,
,,,,,,,,,,,,,,,,,,,
,,,,,,,,,,,,,,,,,,,
,,,,,,,,,,,,,,,,,,,
,,,,,,,,,,,,,,,,,,,
,,,,,,,,,,,,,,,,,,,
,,,,,,,,,,,,,,,,,,,
,,,,,,,,,,,,,,,,,,,
,,,,,,,,,,,,,,,,,,,
,,,,,,,,,,,,,,,,,,,
,,,,,,,,,,,,,,,,,,,
,,,,,,,,,,,,,,,,,,,
,,,,,,,,,,,,,,,,,,,
,,,,,,,,,,,,,,,,,,,
,,,,,,,,,,,,,,,,,,,
,,,,,,,,,,,,,,,,,,,
,,,,,,,,,,,,,,,,,,,
,,,,,,,,,,,,,,,,,,,
,,,,,,,,,,,,,,,,,,,
,,,,,,,,,,,,,,,,,,,
,,,,,,,,,,,,,,,,,,,
,,,,,,,,,,,,,,,,,,,
,,,,,,,,,,,,,,,,,,,
,,,,,,,,,,,,,,,,,,,
,,,,,,,,,,,,,,,,,,,
,,,,,,,,,,,,,,,,,,,
,,,,,,,,,,,,,,,,,,,
,,,,,,,,,,,,,,,,,,,
,,,,,,,,,,,,,,,,,,,
,,,,,,,,,,,,,,,,,,,
,,,,,,,,,,,,,,,,,,,
,,,,,,,,,,,,,,,,,,,
,,,,,,,,,,,,,,,,,,,
,,,,,,,,,,,,,,,,,,,
,,,,,,,,,,,,,,,,,,,
,,,,,,,,,,,,,,,,,,,
,,,,,,,,,,,,,,,,,,,
,,,,,,,,,,,,,,,,,,,
,,,,,,,,,,,,,,,,,,,
,,,,,,,,,,,,,,,,,,,
,,,,,,,,,,,,,,,,,,,
,,,,,,,,,,,,,,,,,,,
,,,,,,,,,,,,,,,,,,,
,,,,,,,,,,,,,,,,,,,
,,,,,,,,,,,,,,,,,,,
,,,,,,,,,,,,,,,,,,,
,,,,,,,,,,,,,,,,,,,
,,,,,,,,,,,,,,,,,,,
,,,,,,,,,,,,,,,,,,,
,,,,,,,,,,,,,,,,,,,
,,,,,,,,,,,,,,,,,,,
,,,,,,,,,,,,,,,,,,,
,,,,,,,,,,,,,,,,,,,
,,,,,,,,,,,,,,,,,,,
,,,,,,,,,,,,,,,,,,,
,,,,,,,,,,,,,,,,,,,
,,,,,,,,,,,,,,,,,,,
,,,,,,,,,,,,,,,,,,,
,,,,,,,,,,,,,,,,,,,
,,,,,,,,,,,,,,,,,,,
,,,,,,,,,,,,,,,,,,,
,,,,,,,,,,,,,,,,,,,
,,,,,,,,,,,,,,,,,,,
,,,,,,,,,,,,,,,,,,,
,,,,,,,,,,,,,,,,,,,
,,,,,,,,,,,,,,,,,,,
,,,,,,,,,,,,,,,,,,,
,,,,,,,,,,,,,,,,,,,
,,,,,,,,,,,,,,,,,,,
,,,,,,,,,,,,,,,,,,,
,,,,,,,,,,,,,,,,,,,
,,,,,,,,,,,,,,,,,,,
,,,,,,,,,,,,,,,,,,,
,,,,,,,,,,,,,,,,,,,
,,,,,,,,,,,,,,,,,,,
,,,,,,,,,,,,,,,,,,,
,,,,,,,,,,,,,,,,,,,
,,,,,,,,,,,,,,,,,,,
,,,,,,,,,,,,,,,,,,,
,,,,,,,,,,,,,,,,,,,
,,,,,,,,,,,,,,,,,,,
,,,,,,,,,,,,,,,,,,,
,,,,,,,,,,,,,,,,,,,
,,,,,,,,,,,,,,,,,,,
,,,,,,,,,,,,,,,,,,,
,,,,,,,,,,,,,,,,,,,
,,,,,,,,,,,,,,,,,,,
,,,,,,,,,,,,,,,,,,,
,,,,,,,,,,,,,,,,,,,
,,,,,,,,,,,,,,,,,,,
,,,,,,,,,,,,,,,,,,,
,,,,,,,,,,,,,,,,,,,
,,,,,,,,,,,,,,,,,,,
,,,,,,,,,,,,,,,,,,,
,,,,,,,,,,,,,,,,,,,
,,,,,,,,,,,,,,,,,,,
,,,,,,,,,,,,,,,,,,,
,,,,,,,,,,,,,,,,,,,
,,,,,,,,,,,,,,,,,,,
,,,,,,,,,,,,,,,,,,,
,,,,,,,,,,,,,,,,,,,
,,,,,,,,,,,,,,,,,,,
,,,,,,,,,,,,,,,,,,,
,,,,,,,,,,,,,,,,,,,
,,,,,,,,,,,,,,,,,,,
,,,,,,,,,,,,,,,,,,,
,,,,,,,,,,,,,,,,,,,
,,,,,,,,,,,,,,,,,,,
,,,,,,,,,,,,,,,,,,,
,,,,,,,,,,,,,,,,,,,
,,,,,,,,,,,,,,,,,,,
,,,,,,,,,,,,,,,,,,,
,,,,,,,,,,,,,,,,,,,
,,,,,,,,,,,,,,,,,,,
,,,,,,,,,,,,,,,,,,,
,,,,,,,,,,,,,,,,,,,
,,,,,,,,,,,,,,,,,,,
,,,,,,,,,,,,,,,,,,,
,,,,,,,,,,,,,,,,,,,
,,,,,,,,,,,,,,,,,,,
,,,,,,,,,,,,,,,,,,,
,,,,,,,,,,,,,,,,,,,
,,,,,,,,,,,,,,,,,,,
,,,,,,,,,,,,,,,,,,,
,,,,,,,,,,,,,,,,,,,
,,,,,,,,,,,,,,,,,,,
,,,,,,,,,,,,,,,,,,,
,,,,,,,,,,,,,,,,,,,
,,,,,,,,,,,,,,,,,,,
,,,,,,,,,,,,,,,,,,,
,,,,,,,,,,,,,,,,,,,
,,,,,,,,,,,,,,,,,,,
,,,,,,,,,,,,,,,,,,,
,,,,,,,,,,,,,,,,,,,
,,,,,,,,,,,,,,,,,,,
,,,,,,,,,,,,,,,,,,,
,,,,,,,,,,,,,,,,,,,
,,,,,,,,,,,,,,,,,,,
,,,,,,,,,,,,,,,,,,,
,,,,,,,,,,,,,,,,,,,
,,,,,,,,,,,,,,,,,,,
,,,,,,,,,,,,,,,,,,,
,,,,,,,,,,,,,,,,,,,
,,,,,,,,,,,,,,,,,,,
,,,,,,,,,,,,,,,,,,,
,,,,,,,,,,,,,,,,,,,
,,,,,,,,,,,,,,,,,,,
,,,,,,,,,,,,,,,,,,,
,,,,,,,,,,,,,,,,,,,
,,,,,,,,,,,,,,,,,,,
,,,,,,,,,,,,,,,,,,,
,,,,,,,,,,,,,,,,,,,
,,,,,,,,,,,,,,,,,,,
,,,,,,,,,,,,,,,,,,,
,,,,,,,,,,,,,,,,,,,
,,,,,,,,,,,,,,,,,,,
,,,,,,,,,,,,,,,,,,,
,,,,,,,,,,,,,,,,,,,
,,,,,,,,,,,,,,,,,,,
,,,,,,,,,,,,,,,,,,,
,,,,,,,,,,,,,,,,,,,
,,,,,,,,,,,,,,,,,,,
,,,,,,,,,,,,,,,,,,,
,,,,,,,,,,,,,,,,,,,
,,,,,,,,,,,,,,,,,,,
,,,,,,,,,,,,,,,,,,,
,,,,,,,,,,,,,,,,,,,
,,,,,,,,,,,,,,,,,,,
,,,,,,,,,,,,,,,,,,,
,,,,,,,,,,,,,,,,,,,
,,,,,,,,,,,,,,,,,,,
,,,,,,,,,,,,,,,,,,,
,,,,,,,,,,,,,,,,,,,
,,,,,,,,,,,,,,,,,,,
,,,,,,,,,,,,,,,,,,,
,,,,,,,,,,,,,,,,,,,
,,,,,,,,,,,,,,,,,,,
,,,,,,,,,,,,,,,,,,,
,,,,,,,,,,,,,,,,,,,
,,,,,,,,,,,,,,,,,,,
,,,,,,,,,,,,,,,,,,,
,,,,,,,,,,,,,,,,,,,
,,,,,,,,,,,,,,,,,,,
,,,,,,,,,,,,,,,,,,,
,,,,,,,,,,,,,,,,,,,
,,,,,,,,,,,,,,,,,,,
,,,,,,,,,,,,,,,,,,,
,,,,,,,,,,,,,,,,,,,
,,,,,,,,,,,,,,,,,,,
,,,,,,,,,,,,,,,,,,,
,,,,,,,,,,,,,,,,,,,
,,,,,,,,,,,,,,,,,,,
,,,,,,,,,,,,,,,,,,,
,,,,,,,,,,,,,,,,,,,
,,,,,,,,,,,,,,,,,,,
,,,,,,,,,,,,,,,,,,,
,,,,,,,,,,,,,,,,,,,
,,,,,,,,,,,,,,,,,,,
,,,,,,,,,,,,,,,,,,,
,,,,,,,,,,,,,,,,,,,
,,,,,,,,,,,,,,,,,,,
,,,,,,,,,,,,,,,,,,,
,,,,,,,,,,,,,,,,,,,
,,,,,,,,,,,,,,,,,,,
,,,,,,,,,,,,,,,,,,,
,,,,,,,,,,,,,,,,,,,
,,,,,,,,,,,,,,,,,,,
,,,,,,,,,,,,,,,,,,,
,,,,,,,,,,,,,,,,,,,
,,,,,,,,,,,,,,,,,,,
,,,,,,,,,,,,,,,,,,,
,,,,,,,,,,,,,,,,,,,
,,,,,,,,,,,,,,,,,,,
,,,,,,,,,,,,,,,,,,,
,,,,,,,,,,,,,,,,,,,
,,,,,,,,,,,,,,,,,,,
,,,,,,,,,,,,,,,,,,,
,,,,,,,,,,,,,,,,,,,
,,,,,,,,,,,,,,,,,,,
,,,,,,,,,,,,,,,,,,,
,,,,,,,,,,,,,,,,,,,
,,,,,,,,,,,,,,,,,,,
,,,,,,,,,,,,,,,,,,,
,,,,,,,,,,,,,,,,,,,
,,,,,,,,,,,,,,,,,,,
,,,,,,,,,,,,,,,,,,,
,,,,,,,,,,,,,,,,,,,
,,,,,,,,,,,,,,,,,,,
,,,,,,,,,,,,,,,,,,,
,,,,,,,,,,,,,,,,,,,
,,,,,,,,,,,,,,,,,,,
,,,,,,,,,,,,,,,,,,,
,,,,,,,,,,,,,,,,,,,
,,,,,,,,,,,,,,,,,,,
,,,,,,,,,,,,,,,,,,,
,,,,,,,,,,,,,,,,,,,
,,,,,,,,,,,,,,,,,,,
,,,,,,,,,,,,,,,,,,,
,,,,,,,,,,,,,,,,,,,
,,,,,,,,,,,,,,,,,,,
,,,,,,,,,,,,,,,,,,,
,,,,,,,,,,,,,,,,,,,
,,,,,,,,,,,,,,,,,,,
,,,,,,,,,,,,,,,,,,,
,,,,,,,,,,,,,,,,,,,
,,,,,,,,,,,,,,,,,,,
,,,,,,,,,,,,,,,,,,,
,,,,,,,,,,,,,,,,,,,
,,,,,,,,,,,,,,,,,,,
,,,,,,,,,,,,,,,,,,,
,,,,,,,,,,,,,,,,,,,
,,,,,,,,,,,,,,,,,,,
,,,,,,,,,,,,,,,,,,,
,,,,,,,,,,,,,,,,,,,
,,,,,,,,,,,,,,,,,,,
,,,,,,,,,,,,,,,,,,,
,,,,,,,,,,,,,,,,,,,
,,,,,,,,,,,,,,,,,,,
,,,,,,,,,,,,,,,,,,,
,,,,,,,,,,,,,,,,,,,
,,,,,,,,,,,,,,,,,,,
,,,,,,,,,,,,,,,,,,,
,,,,,,,,,,,,,,,,,,,
,,,,,,,,,,,,,,,,,,,
,,,,,,,,,,,,,,,,,,,
,,,,,,,,,,,,,,,,,,,
,,,,,,,,,,,,,,,,,,,
,,,,,,,,,,,,,,,,,,,
,,,,,,,,,,,,,,,,,,,
,,,,,,,,,,,,,,,,,,,
,,,,,,,,,,,,,,,,,,,
,,,,,,,,,,,,,,,,,,,
,,,,,,,,,,,,,,,,,,,
,,,,,,,,,,,,,,,,,,,
,,,,,,,,,,,,,,,,,,,
,,,,,,,,,,,,,,,,,,,
,,,,,,,,,,,,,,,,,,,
,,,,,,,,,,,,,,,,,,,
,,,,,,,,,,,,,,,,,,,
,,,,,,,,,,,,,,,,,,,
,,,,,,,,,,,,,,,,,,,
,,,,,,,,,,,,,,,,,,,
,,,,,,,,,,,,,,,,,,,
,,,,,,,,,,,,,,,,,,,
,,,,,,,,,,,,,,,,,,,
,,,,,,,,,,,,,,,,,,,
,,,,,,,,,,,,,,,,,,,
,,,,,,,,,,,,,,,,,,,
,,,,,,,,,,,,,,,,,,,
,,,,,,,,,,,,,,,,,,,
,,,,,,,,,,,,,,,,,,,
,,,,,,,,,,,,,,,,,,,
,,,,,,,,,,,,,,,,,,,
,,,,,,,,,,,,,,,,,,,
,,,,,,,,,,,,,,,,,,,
,,,,,,,,,,,,,,,,,,,
,,,,,,,,,,,,,,,,,,,
,,,,,,,,,,,,,,,,,,,
,,,,,,,,,,,,,,,,,,,
,,,,,,,,,,,,,,,,,,,
,,,,,,,,,,,,,,,,,,,
,,,,,,,,,,,,,,,,,,,
,,,,,,,,,,,,,,,,,,,
,,,,,,,,,,,,,,,,,,,
,,,,,,,,,,,,,,,,,,,
,,,,,,,,,,,,,,,,,,,
,,,,,,,,,,,,,,,,,,,
,,,,,,,,,,,,,,,,,,,
,,,,,,,,,,,,,,,,,,,
,,,,,,,,,,,,,,,,,,,
,,,,,,,,,,,,,,,,,,,
,,,,,,,,,,,,,,,,,,,
,,,,,,,,,,,,,,,,,,,
,,,,,,,,,,,,,,,,,,,
,,,,,,,,,,,,,,,,,,,
,,,,,,,,,,,,,,,,,,,
,,,,,,,,,,,,,,,,,,,
,,,,,,,,,,,,,,,,,,,
,,,,,,,,,,,,,,,,,,,
,,,,,,,,,,,,,,,,,,,
,,,,,,,,,,,,,,,,,,,
,,,,,,,,,,,,,,,,,,,
,,,,,,,,,,,,,,,,,,,
,,,,,,,,,,,,,,,,,,,
,,,,,,,,,,,,,,,,,,,
,,,,,,,,,,,,,,,,,,,
,,,,,,,,,,,,,,,,,,,
,,,,,,,,,,,,,,,,,,,
,,,,,,,,,,,,,,,,,,,
,,,,,,,,,,,,,,,,,,,
,,,,,,,,,,,,,,,,,,,
,,,,,,,,,,,,,,,,,,,
,,,,,,,,,,,,,,,,,,,
,,,,,,,,,,,,,,,,,,,
,,,,,,,,,,,,,,,,,,,
,,,,,,,,,,,,,,,,,,,
,,,,,,,,,,,,,,,,,,,
,,,,,,,,,,,,,,,,,,,
,,,,,,,,,,,,,,,,,,,
,,,,,,,,,,,,,,,,,,,
,,,,,,,,,,,,,,,,,,,
,,,,,,,,,,,,,,,,,,,
,,,,,,,,,,,,,,,,,,,
,,,,,,,,,,,,,,,,,,,
,,,,,,,,,,,,,,,,,,,
,,,,,,,,,,,,,,,,,,,
,,,,,,,,,,,,,,,,,,,
,,,,,,,,,,,,,,,,,,,
,,,,,,,,,,,,,,,,,,,
,,,,,,,,,,,,,,,,,,,
,,,,,,,,,,,,,,,,,,,
,,,,,,,,,,,,,,,,,,,
