Sample Number,Material,Samle Thickness ,Sample Length ,Sample Width (cm),Air Flow (cm/s),Percent O2 (Note 1),Ignition Power (W),Ignition Time (s),Burn Time (s),Flow Direction,?-g Burn Length,?-g Spread Length,1-g Burn Length,1-g Spread Rate,Camera 1,Camera 2
2-1,Silicone,0.27 mm,29 cm,5 cm,20 cm/s,~ 21.5,80 W,9.2 s,Insignificant,Concurrent,~ 0,n/a,Complete,Acceleratory,S1C1,S1C2
2-2,Silicone,0.61 mm,29 cm,5 cm,20 cm/s,~ 22.1,80 W,9.2 s,Insignificant,Concurrent,~ 0,n/a,7.6 cm,1.2 mm/s,n/a,S2C2
2-3,Silicone,1.03 mm,29 cm,5 cm,20 cm/s,~ 22.1,80 W,9.2 s,Insignificant,Concurrent,~ 0,n/a,~ 0,n/a,,S3C2
2-4,Silicone,037 mm,29 cm,5 cm,20 cm/s,~ 22.1,80 W,9.2 s,Insignificant,Opposed,~ 0,n/a,Complete,0.6 mm/s,S4C1,S4C1
2-5,Cotton-Fiberglass (SIBAL),037 mm,29 cm,5 cm,20 cm/s,~ 22.1,80 W,9.2 s,145 s,Concurrent,29 cm,2.1 mm/s,Complete,Acceleratory,S5C1,S5C2
2-6,,037 mm,29 cm,5 cm,20 cm/s,~ 22.1,80 W,9.2 s,115 s,Concurrent,29 cm,2.6 mm/s,Complete,Acceleratory,S6C1,S56C2
2-7,PMMA & Nomex,0.85 and 0.37 mm,5 and 24 cm,5 cm,20 cm/s,~ 22.1,80 W,9.2 s,140 s,Concurrent,5 cm & 0 (note 2),n/a (Nomex),~ 0 (Nomex),n/a (Nomex),S7C1,n/a
2-8,PMMA,See Fig. 5,29 cm,5 cm,20 cm/s,22.1 to 22.0,97 W,30 s,600 s,Concurrent,~ 10 cm (note 3),Note 4,Complete,Acceleratory,S8C1,n/a
2-9,,1 cm,29 cm,5 cm,20 cm/s,22.0 to 21.9,97 W,30 s,900 s,Concurrent,~ 10 cm (note 4),Note 4,Complete,Acceleratory,S9C1,n/a
F1C1/F1C2,Pre-test flow visulation data for sample 2-1,,,,,,,,,,,,,,,
F2C1/F2C2,Pre-test flow visulation data for sample 2-2,,,,,,,,,,,,,,,
Note 1 Derived from measured CO2 production and referenced to initial O2 concentration reported by ISS.,,,,,,,,,,,,,,,,
Note 2 The PMMA portion was completely consumed but the Nomex was not ignited.,,,,,,,,,,,,,,,,
Note 3 This is the length of fuel with significant visible damage.,,,,,,,,,,,,,,,,
Note 4 The flames remain anchored at the base of the sample which has a very slow regression rate (0.01 to 0.04 mm/s),,,,,,,,,,,,,,,,
